step,epoch,train/loss,valid/loss
0,0,0.4668038487434387,
0,0,,0.4511365592479706
1,1,0.4450189471244812,
1,1,,0.43021640181541443
2,2,0.42438775300979614,
2,2,,0.4101618826389313
3,3,0.40461525321006775,
3,3,,0.3906633257865906
4,4,0.38540223240852356,
4,4,,0.37145841121673584
5,5,0.36649662256240845,
5,5,,0.35235145688056946
6,6,0.3477098047733307,
6,6,,0.3332065939903259
7,7,0.3289121985435486,
7,7,,0.31395310163497925
8,8,0.3100402355194092,
8,8,,0.2946200370788574
9,9,0.29113489389419556,
9,9,,0.2754296362400055
10,10,0.27243664860725403,
10,10,,0.2570075988769531
11,11,0.25459590554237366,
11,11,,0.24087665975093842
12,12,0.23917658627033234,
12,12,,0.23060905933380127
13,13,0.22981564700603485,
13,13,,0.23351997137069702
14,14,0.23385941982269287,
14,14,,0.24771183729171753
15,15,0.2489701807498932,
15,15,,0.2493654489517212
16,16,0.2507627010345459,
16,16,,0.241391122341156
17,17,0.24246270954608917,
17,17,,0.23356467485427856
18,18,0.23418234288692474,
18,18,,0.22942468523979187
19,19,0.22959549725055695,
19,19,,0.22847658395767212
20,20,0.22827577590942383,
20,20,,0.2293371558189392
21,21,0.22884124517440796,
21,21,,0.23087604343891144
22,22,0.23016676306724548,
22,22,,0.23241454362869263
23,23,0.23155148327350616,
23,23,,0.23359176516532898
24,24,0.2326270341873169,
24,24,,0.23425093293190002
25,25,0.23323403298854828,
25,25,,0.2343669831752777
26,26,0.23333142697811127,
26,26,,0.23397931456565857
27,27,0.23296362161636353,
27,27,,0.23317761719226837
28,28,0.2322099506855011,
28,28,,0.23207993805408478
29,29,0.23118358850479126,
29,29,,0.2308184951543808
30,30,0.23001588881015778,
30,30,,0.2295362502336502
31,31,0.2288479208946228,
31,31,,0.22837752103805542
32,32,0.22781236469745636,
32,32,,0.22745437920093536
33,33,0.22702442109584808,
33,33,,0.22685512900352478
34,34,0.22656141221523285,
34,34,,0.22659681737422943
35,35,0.22643166780471802,
35,35,,0.22662582993507385
36,36,0.22657650709152222,
36,36,,0.2268269658088684
37,37,0.22686488926410675,
37,37,,0.2270248383283615
38,38,0.2271275520324707,
38,38,,0.22710180282592773
39,39,0.22722400724887848,
39,39,,0.22697500884532928
40,40,0.2270769327878952,
40,40,,0.22665344178676605
41,41,0.2267148494720459,
41,41,,0.22622822225093842
42,42,0.22621800005435944,
42,42,,0.22580072283744812
43,43,0.2257017195224762,
43,43,,0.22545355558395386
44,44,0.22525864839553833,
44,44,,0.22522284090518951
45,45,0.22493593394756317,
45,45,,0.2251105159521103
46,46,0.2247380167245865,
46,46,,0.22508098185062408
47,47,0.22463738918304443,
47,47,,0.2250882089138031
48,48,0.2245863825082779,
48,48,,0.22508323192596436
49,49,0.22453905642032623,
49,49,,0.22503115236759186
50,50,0.224464550614357,
50,50,,0.22490639984607697
51,51,0.22433635592460632,
51,51,,0.22470499575138092
52,52,0.22414632141590118,
52,52,,0.22443732619285583
53,53,0.22390343248844147,
53,53,,0.22412139177322388
54,54,0.22362768650054932,
54,54,,0.22377794981002808
55,55,0.22333677113056183,
55,55,,0.22344931960105896
56,56,0.2230575531721115,
56,56,,0.22313860058784485
57,57,0.22280849516391754,
57,57,,0.22286610305309296
58,58,0.2225976288318634,
58,58,,0.22263608872890472
59,59,0.22241680324077606,
59,59,,0.2224285900592804
60,60,0.22225640714168549,
60,60,,0.22223179042339325
61,61,0.22209851443767548,
61,61,,0.22203120589256287
62,62,0.2219182848930359,
62,62,,0.22181884944438934
63,63,0.2217133790254593,
63,63,,0.22158874571323395
64,64,0.2214733064174652,
64,64,,0.2213442176580429
65,65,0.22121292352676392,
65,65,,0.22110514342784882
66,66,0.22094671428203583,
66,66,,0.22086817026138306
67,67,0.22068291902542114,
67,67,,0.22064989805221558
68,68,0.2204323410987854,
68,68,,0.220441535115242
69,69,0.22019384801387787,
69,69,,0.22023427486419678
70,70,0.21996015310287476,
70,70,,0.2200223207473755
71,71,0.21973010897636414,
71,71,,0.21978895366191864
72,72,0.21948520839214325,
72,72,,0.2195362150669098
73,73,0.2192286252975464,
73,73,,0.21926134824752808
74,74,0.21895495057106018,
74,74,,0.21896034479141235
75,75,0.21866898238658905,
75,75,,0.2186446338891983
76,76,0.21837641298770905,
76,76,,0.21832764148712158
77,77,0.21808268129825592,
77,77,,0.21801228821277618
78,78,0.2177884429693222,
78,78,,0.2176930010318756
79,79,0.21749715507030487,
79,79,,0.21737827360630035
80,80,0.21720284223556519,
80,80,,0.21705831587314606
81,81,0.2169036716222763,
81,81,,0.21673840284347534
82,82,0.21659591794013977,
82,82,,0.2164124846458435
83,83,0.21627426147460938,
83,83,,0.216077521443367
84,84,0.2159409523010254,
84,84,,0.2157421112060547
85,85,0.21559853851795197,
85,85,,0.21539857983589172
86,86,0.21525505185127258,
86,86,,0.2150520384311676
87,87,0.21490143239498138,
87,87,,0.21470285952091217
88,88,0.21454796195030212,
88,88,,0.21434570848941803
89,89,0.21418556571006775,
89,89,,0.21397334337234497
90,90,0.2138124704360962,
90,90,,0.21357852220535278
91,91,0.21343013644218445,
91,91,,0.2131754457950592
92,92,0.2130359411239624,
92,92,,0.2127498984336853
93,93,0.2126324325799942,
93,93,,0.21232011914253235
94,94,0.21221600472927094,
94,94,,0.21187658607959747
95,95,0.21179446578025818,
95,95,,0.2114279717206955
96,96,0.21136099100112915,
96,96,,0.21096806228160858
97,97,0.21091865003108978,
97,97,,0.21049347519874573
98,98,0.2104545384645462,
98,98,,0.21000710129737854
99,99,0.20997142791748047,
99,99,,0.20951034128665924
100,100,0.2094753235578537,
100,100,,0.20898111164569855
101,101,0.20895829796791077,
101,101,,0.20844727754592896
102,102,0.2084193229675293,
102,102,,0.20788010954856873
103,103,0.20786398649215698,
103,103,,0.2072799801826477
104,104,0.20727671682834625,
104,104,,0.20665374398231506
105,105,0.20665909349918365,
105,105,,0.20598351955413818
106,106,0.206009641289711,
106,106,,0.20527276396751404
107,107,0.20532087981700897,
107,107,,0.20451833307743073
108,108,0.20459124445915222,
108,108,,0.20371155440807343
109,109,0.2038060873746872,
109,109,,0.2028411328792572
110,110,0.2029682993888855,
110,110,,0.20189610123634338
111,111,0.20205160975456238,
111,111,,0.2008725106716156
112,112,0.201059952378273,
112,112,,0.19975215196609497
113,113,0.19997116923332214,
113,113,,0.19849704205989838
114,114,0.19876818358898163,
114,114,,0.1970929354429245
115,115,0.19741882383823395,
115,115,,0.19549092650413513
116,116,0.19590365886688232,
116,116,,0.19362978637218475
117,117,0.19417129456996918,
117,117,,0.19147677719593048
118,118,0.1921919584274292,
118,118,,0.18897566199302673
119,119,0.1899290233850479,
119,119,,0.18617936968803406
120,120,0.1874770075082779,
120,120,,0.18353146314620972
121,121,0.1854451298713684,
121,121,,0.19343987107276917
122,122,0.19537271559238434,
122,122,,0.229783833026886
123,123,0.2325509935617447,
123,123,,0.22547951340675354
124,124,0.22731655836105347,
124,124,,0.21440334618091583
125,125,0.2148715853691101,
125,125,,0.20768946409225464
126,126,0.20697876811027527,
126,126,,0.20170225203037262
127,127,0.20021910965442657,
127,127,,0.1946973204612732
128,128,0.19293531775474548,
128,128,,0.1930720955133438
129,129,0.19156432151794434,
129,129,,0.20989133417606354
130,130,0.20871850848197937,
130,130,,0.19538962841033936
131,131,0.1937774419784546,
131,131,,0.19430895149707794
132,132,0.19230784475803375,
132,132,,0.1967509388923645
133,133,0.19475388526916504,
133,133,,0.19609957933425903
134,134,0.1944790482521057,
134,134,,0.1922551542520523
135,135,0.19133587181568146,
135,135,,0.18831416964530945
136,136,0.18833382427692413,
136,136,,0.1892990916967392
137,137,0.19030210375785828,
137,137,,0.19254310429096222
138,138,0.19399799406528473,
138,138,,0.1891995370388031
139,139,0.1903308779001236,
139,139,,0.1883641630411148
140,140,0.18885692954063416,
140,140,,0.19005507230758667
141,141,0.19001564383506775,
141,141,,0.19084401428699493
142,142,0.19053271412849426,
142,142,,0.18947255611419678
143,143,0.18914833664894104,
143,143,,0.18675877153873444
144,144,0.1866641342639923,
144,144,,0.18511082231998444
145,145,0.18536481261253357,
145,145,,0.18600669503211975
146,146,0.18648692965507507,
146,146,,0.1856841892004013
147,147,0.18599681556224823,
147,147,,0.1841554492712021
148,148,0.18394535779953003,
148,148,,0.18473929166793823
149,149,0.18398620188236237,
149,149,,0.18561658263206482
150,150,0.18456535041332245,
150,150,,0.18481479585170746
151,151,0.18377551436424255,
151,151,,0.18285779654979706
152,152,0.1821112036705017,
152,152,,0.1820680946111679
153,153,0.18172182142734528,
153,153,,0.18204325437545776
154,154,0.18189232051372528,
154,154,,0.18043921887874603
155,155,0.18017542362213135,
155,155,,0.18004924058914185
156,156,0.17951089143753052,
156,156,,0.18019092082977295
157,157,0.17956073582172394,
157,157,,0.1791345477104187
158,158,0.17867176234722137,
158,158,,0.17770391702651978
159,159,0.17758890986442566,
159,159,,0.17734302580356598
160,160,0.17752914130687714,
160,160,,0.1764954924583435
161,161,0.17669790983200073,
161,161,,0.17553246021270752
162,162,0.1755090057849884,
162,162,,0.17527279257774353
163,163,0.17506043612957,
163,163,,0.1743708848953247
164,164,0.17413295805454254,
164,164,,0.17287899553775787
165,165,0.17280060052871704,
165,165,,0.17195327579975128
166,166,0.17203021049499512,
166,166,,0.17102698981761932
167,167,0.17102764546871185,
167,167,,0.1698721945285797
168,168,0.16958801448345184,
168,168,,0.16907592117786407
169,169,0.16853226721286774,
169,169,,0.1678456813097
170,170,0.16721804440021515,
170,170,,0.16614432632923126
171,171,0.1655728965997696,
171,171,,0.16462033987045288
172,172,0.16416974365711212,
172,172,,0.1634407937526703
173,173,0.1631520539522171,
173,173,,0.1631944477558136
174,174,0.16270773112773895,
174,174,,0.16415418684482574
175,175,0.16287793219089508,
175,175,,0.16418792307376862
176,176,0.16288889944553375,
176,176,,0.16361398994922638
177,177,0.16248877346515656,
177,177,,0.1625295877456665
178,178,0.16136398911476135,
178,178,,0.16115209460258484
179,179,0.16041164100170135,
179,179,,0.16049307584762573
180,180,0.16021034121513367,
180,180,,0.16024978458881378
181,181,0.16001397371292114,
181,181,,0.1603720635175705
182,182,0.15999296307563782,
182,182,,0.16059251129627228
183,183,0.1601540446281433,
183,183,,0.16034546494483948
184,184,0.15997916460037231,
184,184,,0.15995728969573975
185,185,0.1597646176815033,
185,185,,0.15981781482696533
186,186,0.15970876812934875,
186,186,,0.15966054797172546
187,187,0.15942706167697906,
187,187,,0.15949028730392456
188,188,0.15908078849315643,
188,188,,0.15949200093746185
189,189,0.1588674783706665,
189,189,,0.15942128002643585
190,190,0.158726304769516,
190,190,,0.1592833697795868
191,191,0.15860840678215027,
191,191,,0.15911877155303955
192,192,0.15856130421161652,
192,192,,0.15904304385185242
193,193,0.15849578380584717,
193,193,,0.15900811553001404
194,194,0.15842203795909882,
194,194,,0.15891893208026886
195,195,0.15830263495445251,
195,195,,0.15873180329799652
196,196,0.15817119181156158,
196,196,,0.15851333737373352
197,197,0.15803271532058716,
197,197,,0.15838445723056793
198,198,0.15798497200012207,
198,198,,0.15827275812625885
199,199,0.15795890986919403,
199,199,,0.15814407169818878
200,200,0.15785996615886688,
200,200,,0.15815497934818268
201,201,0.15784379839897156,
201,201,,0.158185213804245
202,202,0.1578139066696167,
202,202,,0.1581128090620041
203,203,0.15771783888339996,
203,203,,0.15798088908195496
204,204,0.15763448178768158,
204,204,,0.15791507065296173
205,205,0.15756550431251526,
205,205,,0.15789569914340973
206,206,0.15747815370559692,
206,206,,0.1578824520111084
207,207,0.1573798954486847,
207,207,,0.15789346396923065
208,208,0.15730887651443481,
208,208,,0.15777277946472168
209,209,0.15725265443325043,
209,209,,0.15769663453102112
210,210,0.15719060599803925,
210,210,,0.15767011046409607
211,211,0.15712620317935944,
211,211,,0.1576872169971466
212,212,0.15706181526184082,
212,212,,0.15767502784729004
213,213,0.15699386596679688,
213,213,,0.15761564671993256
214,214,0.15693172812461853,
214,214,,0.1575484573841095
215,215,0.1568581461906433,
215,215,,0.15743054449558258
216,216,0.1567944586277008,
216,216,,0.15736787021160126
217,217,0.15673710405826569,
217,217,,0.15735949575901031
218,218,0.15665960311889648,
218,218,,0.15737850964069366
219,219,0.15661194920539856,
219,219,,0.1573406308889389
220,220,0.15655428171157837,
220,220,,0.15730834007263184
221,221,0.1565031260251999,
221,221,,0.15722022950649261
222,222,0.15643666684627533,
222,222,,0.1571674942970276
223,223,0.156377375125885,
223,223,,0.15714867413043976
224,224,0.15630486607551575,
224,224,,0.15712393820285797
225,225,0.15624505281448364,
225,225,,0.15707723796367645
226,226,0.15617915987968445,
226,226,,0.15700027346611023
227,227,0.1561262458562851,
227,227,,0.1569160372018814
228,228,0.1560579389333725,
228,228,,0.15683460235595703
229,229,0.15599969029426575,
229,229,,0.15680725872516632
230,230,0.15592344105243683,
230,230,,0.1567484438419342
231,231,0.15587255358695984,
231,231,,0.1566833108663559
232,232,0.155802920460701,
232,232,,0.1566019207239151
233,233,0.15572677552700043,
233,233,,0.15650293231010437
234,234,0.15565672516822815,
234,234,,0.15646708011627197
235,235,0.15558494627475739,
235,235,,0.15640762448310852
236,236,0.1555156707763672,
236,236,,0.15635058283805847
237,237,0.1554476022720337,
237,237,,0.15632067620754242
238,238,0.1553908884525299,
238,238,,0.15623383224010468
239,239,0.15531478822231293,
239,239,,0.1561567187309265
240,240,0.15523633360862732,
240,240,,0.156063973903656
241,241,0.15515515208244324,
241,241,,0.15605302155017853
242,242,0.1550881713628769,
242,242,,0.15595827996730804
243,243,0.15500213205814362,
243,243,,0.15590202808380127
244,244,0.1549261510372162,
244,244,,0.155830517411232
245,245,0.1548544466495514,
245,245,,0.15576177835464478
246,246,0.154767706990242,
246,246,,0.15567833185195923
247,247,0.15468940138816833,
247,247,,0.15562482178211212
248,248,0.15461711585521698,
248,248,,0.15554414689540863
249,249,0.15451659262180328,
249,249,,0.15546728670597076
250,250,0.15444664657115936,
250,250,,0.15537048876285553
251,251,0.1543472856283188,
251,251,,0.15532627701759338
252,252,0.1542564332485199,
252,252,,0.15522509813308716
253,253,0.15418097376823425,
253,253,,0.15514950454235077
254,254,0.15406055748462677,
254,254,,0.15507078170776367
255,255,0.1539837270975113,
255,255,,0.15498247742652893
256,256,0.15388157963752747,
256,256,,0.1548609882593155
257,257,0.1537858098745346,
257,257,,0.15480515360832214
258,258,0.15368804335594177,
258,258,,0.15469007194042206
259,259,0.1535690426826477,
259,259,,0.15461939573287964
260,260,0.15346956253051758,
260,260,,0.15451262891292572
261,261,0.15335771441459656,
261,261,,0.15439185500144958
262,262,0.15324503183364868,
262,262,,0.1543288379907608
263,263,0.15312625467777252,
263,263,,0.15419338643550873
264,264,0.15301750600337982,
264,264,,0.15412627160549164
265,265,0.15290342271327972,
265,265,,0.1540120244026184
266,266,0.15276789665222168,
266,266,,0.1538946032524109
267,267,0.15264903008937836,
267,267,,0.15378548204898834
268,268,0.15251955389976501,
268,268,,0.15364007651805878
269,269,0.1523798108100891,
269,269,,0.153543621301651
270,270,0.15223267674446106,
270,270,,0.1534440666437149
271,271,0.15209455788135529,
271,271,,0.1532878428697586
272,272,0.1519506722688675,
272,272,,0.1531543731689453
273,273,0.15181055665016174,
273,273,,0.1530393809080124
274,274,0.15166842937469482,
274,274,,0.152876615524292
275,275,0.15149901807308197,
275,275,,0.15275028347969055
276,276,0.15134461224079132,
276,276,,0.15256348252296448
277,277,0.15117758512496948,
277,277,,0.15242168307304382
278,278,0.1509908139705658,
278,278,,0.15226221084594727
279,279,0.1508185863494873,
279,279,,0.15208233892917633
280,280,0.1506354659795761,
280,280,,0.1519266664981842
281,281,0.1504489779472351,
281,281,,0.15177446603775024
282,282,0.1502467691898346,
282,282,,0.1515975445508957
283,283,0.15005271136760712,
283,283,,0.15139178931713104
284,284,0.14984135329723358,
284,284,,0.15122050046920776
285,285,0.1496373564004898,
285,285,,0.1509990394115448
286,286,0.14940622448921204,
286,286,,0.15080033242702484
287,287,0.1491854190826416,
287,287,,0.15059979259967804
288,288,0.14894625544548035,
288,288,,0.15039211511611938
289,289,0.1486944854259491,
289,289,,0.15019863843917847
290,290,0.14845187962055206,
290,290,,0.14997734129428864
291,291,0.1482039839029312,
291,291,,0.14973582327365875
292,292,0.1479223668575287,
292,292,,0.14946819841861725
293,293,0.1476643681526184,
293,293,,0.14921443164348602
294,294,0.1473749876022339,
294,294,,0.14896772801876068
295,295,0.14708590507507324,
295,295,,0.14869508147239685
296,296,0.14680695533752441,
296,296,,0.1484680026769638
297,297,0.14649060368537903,
297,297,,0.14817367494106293
298,298,0.14618809521198273,
298,298,,0.14790624380111694
299,299,0.14586542546749115,
299,299,,0.14762060344219208
300,300,0.1455521285533905,
300,300,,0.1473371833562851
301,301,0.14521634578704834,
301,301,,0.14706206321716309
302,302,0.14489175379276276,
302,302,,0.14675775170326233
303,303,0.14457745850086212,
303,303,,0.1464833915233612
304,304,0.14422789216041565,
304,304,,0.14619863033294678
305,305,0.14390172064304352,
305,305,,0.14594444632530212
306,306,0.14356981217861176,
306,306,,0.14563632011413574
307,307,0.14322727918624878,
307,307,,0.1453690081834793
308,308,0.14291533827781677,
308,308,,0.14512309432029724
309,309,0.14257267117500305,
309,309,,0.14486387372016907
310,310,0.14226177334785461,
310,310,,0.1446187049150467
311,311,0.14196069538593292,
311,311,,0.1443728655576706
312,312,0.14167311787605286,
312,312,,0.1441320776939392
313,313,0.14136561751365662,
313,313,,0.14387884736061096
314,314,0.14109297096729279,
314,314,,0.14364080131053925
315,315,0.14079172909259796,
315,315,,0.14344577491283417
316,316,0.14051371812820435,
316,316,,0.14324752986431122
317,317,0.14024735987186432,
317,317,,0.14299091696739197
318,318,0.13995756208896637,
318,318,,0.14275231957435608
319,319,0.1396857500076294,
319,319,,0.1425628662109375
320,320,0.13941942155361176,
320,320,,0.14231039583683014
321,321,0.1391378939151764,
321,321,,0.1420811414718628
322,322,0.1388503760099411,
322,322,,0.1418352574110031
323,323,0.13855931162834167,
323,323,,0.14159971475601196
324,324,0.138262078166008,
324,324,,0.14132018387317657
325,325,0.1379612535238266,
325,325,,0.14103984832763672
326,326,0.13765105605125427,
326,326,,0.14081375300884247
327,327,0.13733616471290588,
327,327,,0.1404845267534256
328,328,0.1370156705379486,
328,328,,0.14022360742092133
329,329,0.13669638335704803,
329,329,,0.13994497060775757
330,330,0.13639964163303375,
330,330,,0.13968037068843842
331,331,0.13605897128582,
331,331,,0.13939853012561798
332,332,0.13575142621994019,
332,332,,0.1390911489725113
333,333,0.1354042887687683,
333,333,,0.138816699385643
334,334,0.13506628572940826,
334,334,,0.13848432898521423
335,335,0.13470248878002167,
335,335,,0.138172909617424
336,336,0.13433119654655457,
336,336,,0.137846902012825
337,337,0.13397732377052307,
337,337,,0.13753361999988556
338,338,0.13358676433563232,
338,338,,0.1372063308954239
339,339,0.1332293152809143,
339,339,,0.13682757318019867
340,340,0.13283374905586243,
340,340,,0.13644097745418549
341,341,0.13241806626319885,
341,341,,0.13605740666389465
342,342,0.13198547065258026,
342,342,,0.13567019999027252
343,343,0.1315649151802063,
343,343,,0.13527542352676392
344,344,0.1311175525188446,
344,344,,0.13484330475330353
345,345,0.13067564368247986,
345,345,,0.13437439501285553
346,346,0.13021250069141388,
346,346,,0.13395792245864868
347,347,0.12969903647899628,
347,347,,0.13344116508960724
348,348,0.12921388447284698,
348,348,,0.13291500508785248
349,349,0.12868085503578186,
349,349,,0.13248348236083984
350,350,0.12819364666938782,
350,350,,0.1319061815738678
351,351,0.12761929631233215,
351,351,,0.13133472204208374
352,352,0.1270453929901123,
352,352,,0.13076630234718323
353,353,0.1264677494764328,
353,353,,0.1301892250776291
354,354,0.1258707195520401,
354,354,,0.12956970930099487
355,355,0.1252056211233139,
355,355,,0.12889516353607178
356,356,0.12455320358276367,
356,356,,0.12822206318378448
357,357,0.1238776296377182,
357,357,,0.1275268793106079
358,358,0.12316743284463882,
358,358,,0.12684699892997742
359,359,0.12244787812232971,
359,359,,0.12613989412784576
360,360,0.12164635211229324,
360,360,,0.12535728514194489
361,361,0.12082003802061081,
361,361,,0.12455817312002182
362,362,0.12003740668296814,
362,362,,0.12374511361122131
363,363,0.11920341104269028,
363,363,,0.12266502529382706
364,364,0.11837011575698853,
364,364,,0.12185417860746384
365,365,0.11746828258037567,
365,365,,0.12080614268779755
366,366,0.11655114591121674,
366,366,,0.11971011757850647
367,367,0.11566644161939621,
367,367,,0.11873146146535873
368,368,0.11464226245880127,
368,368,,0.11779789626598358
369,369,0.1137797012925148,
369,369,,0.11646328121423721
370,370,0.1126786321401596,
370,370,,0.11549697816371918
371,371,0.11179792881011963,
371,371,,0.11455528438091278
372,372,0.11074812710285187,
372,372,,0.11325106769800186
373,373,0.10957507789134979,
373,373,,0.11219218373298645
374,374,0.10858207195997238,
374,374,,0.11110742390155792
375,375,0.1075722947716713,
375,375,,0.10955583304166794
376,376,0.1062660813331604,
376,376,,0.10931286215782166
377,377,0.10694798082113266,
377,377,,0.10757791250944138
378,378,0.1043531745672226,
378,378,,0.10757964849472046
379,379,0.10420107841491699,
379,379,,0.10469592362642288
380,380,0.10204601287841797,
380,380,,0.10384267568588257
381,381,0.10164136439561844,
381,381,,0.10289207100868225
382,382,0.10022059828042984,
382,382,,0.10587635636329651
383,383,0.10284847766160965,
383,383,,0.10161712020635605
384,384,0.09863729029893875,
384,384,,0.10263170301914215
385,385,0.09965350478887558,
385,385,,0.10273419320583344
386,386,0.09956631809473038,
386,386,,0.09795338660478592
387,387,0.09503006935119629,
387,387,,0.09985294193029404
388,388,0.09644769877195358,
388,388,,0.09765629470348358
389,389,0.09414148330688477,
389,389,,0.0946919173002243
390,390,0.09177815169095993,
390,390,,0.09593184292316437
391,391,0.09302305430173874,
391,391,,0.10560216754674911
392,392,0.10213331878185272,
392,392,,0.10302199423313141
393,393,0.10129471868276596,
393,393,,0.09808532893657684
394,394,0.09563630074262619,
394,394,,0.1021905168890953
395,395,0.09962088614702225,
395,395,,0.10564857721328735
396,396,0.10307937115430832,
396,396,,0.09821997582912445
397,397,0.09535186737775803,
397,397,,0.09149020910263062
398,398,0.08897910267114639,
398,398,,0.09367164969444275
399,399,0.09112823009490967,
399,399,,0.09124020487070084
400,400,0.08853355050086975,
400,400,,0.09032663702964783
401,401,0.08764145523309708,
401,401,,0.0908406674861908
402,402,0.08794047683477402,
402,402,,0.08719723671674728
403,403,0.0854392871260643,
403,403,,0.08872932195663452
404,404,0.08575338870286942,
404,404,,0.08786886930465698
405,405,0.08541340380907059,
405,405,,0.0887070968747139
406,406,0.08617296069860458,
406,406,,0.08881863951683044
407,407,0.08536618202924728,
407,407,,0.08420338481664658
408,408,0.0812530443072319,
408,408,,0.08261343836784363
409,409,0.08041024953126907,
409,409,,0.08460813760757446
410,410,0.08190404623746872,
410,410,,0.08475004881620407
411,411,0.08161506801843643,
411,411,,0.08298152685165405
412,412,0.07986865937709808,
412,412,,0.08116082847118378
413,413,0.0787278339266777,
413,413,,0.07929863035678864
414,414,0.07623308897018433,
414,414,,0.07848713546991348
415,415,0.07538311183452606,
415,415,,0.081141397356987
416,416,0.07740321755409241,
416,416,,0.08153015375137329
417,417,0.07771384716033936,
417,417,,0.07860774546861649
418,418,0.07431648671627045,
418,418,,0.07599828392267227
419,419,0.0720248818397522,
419,419,,0.07423765957355499
420,420,0.07124273478984833,
420,420,,0.07423119992017746
421,421,0.07136228680610657,
421,421,,0.07352293282747269
422,422,0.07067496329545975,
422,422,,0.07363549619913101
423,423,0.07005251199007034,
423,423,,0.07149349898099899
424,424,0.06826239824295044,
424,424,,0.0699022114276886
425,425,0.06682610511779785,
425,425,,0.07051902264356613
426,426,0.06839711219072342,
426,426,,0.07221755385398865
427,427,0.06950213760137558,
427,427,,0.07124797999858856
428,428,0.06885102391242981,
428,428,,0.06972213089466095
429,429,0.06732868403196335,
429,429,,0.06711385399103165
430,430,0.06485036015510559,
430,430,,0.06500309705734253
431,431,0.06330239772796631,
431,431,,0.06473848968744278
432,432,0.06281103193759918,
432,432,,0.06621397286653519
433,433,0.0634736567735672,
433,433,,0.06600064784288406
434,434,0.06390239298343658,
434,434,,0.06493818759918213
435,435,0.0626630112528801,
435,435,,0.06344179809093475
436,436,0.06042105332016945,
436,436,,0.06277988106012344
437,437,0.05932190269231796,
437,437,,0.06206178292632103
438,438,0.05865496024489403,
438,438,,0.061684198677539825
439,439,0.05819735676050186,
439,439,,0.06120183318853378
440,440,0.05749168619513512,
440,440,,0.06067651882767677
441,441,0.056703243404626846,
441,441,,0.06043640524148941
442,442,0.05589490383863449,
442,442,,0.059439484030008316
443,443,0.05502031370997429,
443,443,,0.05887525901198387
444,444,0.0542597696185112,
444,444,,0.058139506727457047
445,445,0.05363495275378227,
445,445,,0.057439226657152176
446,446,0.05328265577554703,
446,446,,0.05688486993312836
447,447,0.05294518172740936,
447,447,,0.056261926889419556
448,448,0.05239662900567055,
448,448,,0.05551140010356903
449,449,0.05170619860291481,
449,449,,0.05460287630558014
450,450,0.050739388912916183,
450,450,,0.054147616028785706
451,451,0.04999568685889244,
451,451,,0.05378664657473564
452,452,0.04915720224380493,
452,452,,0.05400759354233742
453,453,0.048520416021347046,
453,453,,0.052842654287815094
454,454,0.04811129719018936,
454,454,,0.052875325083732605
455,455,0.04783540591597557,
455,455,,0.06516865640878677
456,456,0.061713360249996185,
456,456,,0.07971322536468506
457,457,0.07609999924898148,
457,457,,0.0822511836886406
458,458,0.07842668890953064,
458,458,,0.07580289244651794
459,459,0.07226021587848663,
459,459,,0.06726475059986115
460,460,0.06343016773462296,
460,460,,0.062179066240787506
461,461,0.05852538347244263,
461,461,,0.05954159423708916
462,462,0.05651147663593292,
462,462,,0.05748149752616882
463,463,0.0547461062669754,
463,463,,0.05661918967962265
464,464,0.05433303862810135,
464,464,,0.05513603612780571
465,465,0.052481602877378464,
465,465,,0.05308438837528229
466,466,0.04946521297097206,
466,466,,0.050388630479574203
467,467,0.04624176397919655,
467,467,,0.048649732023477554
468,468,0.04506102576851845,
468,468,,0.049286771565675735
469,469,0.04580405727028847,
469,469,,0.049185849726200104
470,470,0.045950762927532196,
470,470,,0.04869901016354561
471,471,0.04597516730427742,
471,471,,0.04927600920200348
472,472,0.0462585985660553,
472,472,,0.04924117028713226
473,473,0.04598314315080643,
473,473,,0.04926632344722748
474,474,0.045102305710315704,
474,474,,0.04872531816363335
475,475,0.04408153519034386,
475,475,,0.04756644368171692
476,476,0.042746011167764664,
476,476,,0.04614252969622612
477,477,0.041456758975982666,
477,477,,0.04494089260697365
478,478,0.041120924055576324,
478,478,,0.04429815709590912
479,479,0.040726326406002045,
479,479,,0.044082723557949066
480,480,0.039804499596357346,
480,480,,0.04363943263888359
481,481,0.03966867923736572,
481,481,,0.0434761568903923
482,482,0.03961561247706413,
482,482,,0.042802438139915466
483,483,0.03895358368754387,
483,483,,0.0422690212726593
484,484,0.03814966604113579,
484,484,,0.04160831496119499
485,485,0.03828538581728935,
485,485,,0.041001640260219574
486,486,0.03835945948958397,
486,486,,0.04138360172510147
487,487,0.03816913440823555,
487,487,,0.04224397614598274
488,488,0.038225483149290085,
488,488,,0.04116258770227432
489,489,0.037917137145996094,
489,489,,0.04209943115711212
490,490,0.038055721670389175,
490,490,,0.04184703528881073
491,491,0.03762521967291832,
491,491,,0.0409516841173172
492,492,0.03671519458293915,
492,492,,0.04060894623398781
493,493,0.03605889901518822,
493,493,,0.03946289047598839
494,494,0.035551518201828,
494,494,,0.03946716710925102
495,495,0.03512873128056526,
495,495,,0.038709856569767
496,496,0.0346134714782238,
496,496,,0.03735528141260147
497,497,0.03448527306318283,
497,497,,0.0373549722135067
498,498,0.0341176763176918,
498,498,,0.03771315887570381
499,499,0.03372436761856079,
499,499,,0.03743778169155121
500,500,0.03337040916085243,
500,500,,0.03710220754146576
501,501,0.03323625028133392,
501,501,,0.0370793342590332
502,502,0.03292861953377724,
502,502,,0.0370524525642395
503,503,0.032820168882608414,
503,503,,0.03682059794664383
504,504,0.032859236001968384,
504,504,,0.03617575392127037
505,505,0.03240709379315376,
505,505,,0.036749374121427536
506,506,0.03237828612327576,
506,506,,0.036042340099811554
507,507,0.03232087194919586,
507,507,,0.03579273447394371
508,508,0.032106030732393265,
508,508,,0.036184102296829224
509,509,0.03173401579260826,
509,509,,0.03697706386446953
510,510,0.032542891800403595,
510,510,,0.03699231520295143
511,511,0.03260505944490433,
511,511,,0.03655354306101799
512,512,0.032317500561475754,
512,512,,0.03716481104493141
513,513,0.032888442277908325,
513,513,,0.0368238128721714
514,514,0.03250278905034065,
514,514,,0.035358212888240814
515,515,0.031841374933719635,
515,515,,0.034756824374198914
516,516,0.03120597079396248,
516,516,,0.034839335829019547
517,517,0.03166324272751808,
517,517,,0.0343821756541729
518,518,0.031514499336481094,
518,518,,0.033852387219667435
519,519,0.03135664761066437,
519,519,,0.035195935517549515
520,520,0.030416380614042282,
520,520,,0.03581498935818672
521,521,0.030826279893517494,
521,521,,0.036842379719018936
522,522,0.03173276036977768,
522,522,,0.03676910698413849
523,523,0.03204642981290817,
523,523,,0.03661065921187401
524,524,0.03193756565451622,
524,524,,0.03506005182862282
525,525,0.030680276453495026,
525,525,,0.03427834436297417
526,526,0.029632708057761192,
526,526,,0.03332024812698364
527,527,0.02925936132669449,
527,527,,0.03291384130716324
528,528,0.028891852125525475,
528,528,,0.032971158623695374
529,529,0.029087265953421593,
529,529,,0.03297802805900574
530,530,0.029268795624375343,
530,530,,0.032922010868787766
531,531,0.029192261397838593,
531,531,,0.032653722912073135
532,532,0.028935976326465607,
532,532,,0.03293607383966446
533,533,0.028571924194693565,
533,533,,0.03244347497820854
534,534,0.028720999136567116,
534,534,,0.032585252076387405
535,535,0.028404712677001953,
535,535,,0.03200116381049156
536,536,0.028019821271300316,
536,536,,0.03160366043448448
537,537,0.028083177283406258,
537,537,,0.031757086515426636
538,538,0.028436770662665367,
538,538,,0.03243637457489967
539,539,0.028429489582777023,
539,539,,0.03215032070875168
540,540,0.028173645958304405,
540,540,,0.031236249953508377
541,541,0.027825364843010902,
541,541,,0.030016416683793068
542,542,0.027183689177036285,
542,542,,0.03013123758137226
543,543,0.027329374104738235,
543,543,,0.03008190169930458
544,544,0.027308430522680283,
544,544,,0.029393743723630905
545,545,0.026899347081780434,
545,545,,0.029607519507408142
546,546,0.02677047997713089,
546,546,,0.029946086928248405
547,547,0.02666110172867775,
547,547,,0.030449308454990387
548,548,0.026523714885115623,
548,548,,0.030078548938035965
549,549,0.026016538962721825,
549,549,,0.029320761561393738
550,550,0.026088591665029526,
550,550,,0.029620977118611336
551,551,0.026526642963290215,
551,551,,0.029446357861161232
552,552,0.026560256257653236,
552,552,,0.029415735974907875
553,553,0.026018813252449036,
553,553,,0.029102487489581108
554,554,0.02554362639784813,
554,554,,0.029723811894655228
555,555,0.025475148111581802,
555,555,,0.030115215107798576
556,556,0.025984924286603928,
556,556,,0.02963332086801529
557,557,0.02526451088488102,
557,557,,0.028856629505753517
558,558,0.024882663041353226,
558,558,,0.028316602110862732
559,559,0.02492096647620201,
559,559,,0.027853453531861305
560,560,0.02498968504369259,
560,560,,0.027718542143702507
561,561,0.024844620376825333,
561,561,,0.02745537832379341
562,562,0.024802936241030693,
562,562,,0.027040932327508926
563,563,0.024573899805545807,
563,563,,0.027468886226415634
564,564,0.024473948404192924,
564,564,,0.02819838561117649
565,565,0.024981793016195297,
565,565,,0.02896617166697979
566,566,0.025865085422992706,
566,566,,0.02873813547194004
567,567,0.025420324876904488,
567,567,,0.02807728573679924
568,568,0.02485368773341179,
568,568,,0.027522489428520203
569,569,0.024231988936662674,
569,569,,0.027558371424674988
570,570,0.024564290419220924,
570,570,,0.02728135511279106
571,571,0.024647610262036324,
571,571,,0.027191979810595512
572,572,0.02472354657948017,
572,572,,0.02677926979959011
573,573,0.02434484101831913,
573,573,,0.026504434645175934
574,574,0.0241805799305439,
574,574,,0.02633051387965679
575,575,0.024163182824850082,
575,575,,0.026913687586784363
576,576,0.023960009217262268,
576,576,,0.02668241411447525
577,577,0.023813456296920776,
577,577,,0.026428749784827232
578,578,0.02369610406458378,
578,578,,0.02658412605524063
579,579,0.02345454692840576,
579,579,,0.026333188638091087
580,580,0.023208236321806908,
580,580,,0.026647046208381653
581,581,0.023164965212345123,
581,581,,0.026456642895936966
582,582,0.023136146366596222,
582,582,,0.02677508443593979
583,583,0.023339685052633286,
583,583,,0.02701055258512497
584,584,0.02365138567984104,
584,584,,0.026990391314029694
585,585,0.023089664056897163,
585,585,,0.02720564417541027
586,586,0.02319810353219509,
586,586,,0.028172941878437996
587,587,0.023676009848713875,
587,587,,0.02845088392496109
588,588,0.024034276604652405,
588,588,,0.02871287800371647
589,589,0.024256277829408646,
589,589,,0.028802350163459778
590,590,0.024045148864388466,
590,590,,0.028551826253533363
591,591,0.024027548730373383,
591,591,,0.0281719621270895
592,592,0.023948239162564278,
592,592,,0.027358271181583405
593,593,0.0235110055655241,
593,593,,0.026603296399116516
594,594,0.0230654776096344,
594,594,,0.02585418149828911
595,595,0.022687310352921486,
595,595,,0.025429919362068176
596,596,0.02270178310573101,
596,596,,0.025631656870245934
597,597,0.02321326732635498,
597,597,,0.0258033387362957
598,598,0.023398445919156075,
598,598,,0.02588677406311035
599,599,0.023594724014401436,
599,599,,0.02602270059287548
600,600,0.02324421890079975,
600,600,,0.025895116850733757
601,601,0.022971663624048233,
601,601,,0.02575802244246006
602,602,0.022494055330753326,
602,602,,0.02571076899766922
603,603,0.02236461453139782,
603,603,,0.025799626484513283
604,604,0.02230593003332615,
604,604,,0.025689011439681053
605,605,0.022404320538043976,
605,605,,0.02581217512488365
606,606,0.022289922460913658,
606,606,,0.02557223290205002
607,607,0.022434120997786522,
607,607,,0.026237009093165398
608,608,0.023091096431016922,
608,608,,0.02607038803398609
609,609,0.023059507831931114,
609,609,,0.025078920647501945
610,610,0.022680196911096573,
610,610,,0.02461913600564003
611,611,0.022086285054683685,
611,611,,0.024169867858290672
612,612,0.021860292181372643,
612,612,,0.024457814171910286
613,613,0.02164788730442524,
613,613,,0.024713851511478424
614,614,0.021540885791182518,
614,614,,0.025064565241336823
615,615,0.021689103916287422,
615,615,,0.025297440588474274
616,616,0.021689442917704582,
616,616,,0.02522364817559719
617,617,0.021688850596547127,
617,617,,0.025023790076375008
618,618,0.021695973351597786,
618,618,,0.024982305243611336
619,619,0.021451221778988838,
619,619,,0.024594919756054878
620,620,0.021258270367980003,
620,620,,0.024928878992795944
621,621,0.02128433622419834,
621,621,,0.02515747956931591
622,622,0.021947920322418213,
622,622,,0.02639469876885414
623,623,0.022804638370871544,
623,623,,0.02680576965212822
624,624,0.02334483340382576,
624,624,,0.027479832991957664
625,625,0.02409103699028492,
625,625,,0.02848076820373535
626,626,0.02463868260383606,
626,626,,0.028285441920161247
627,627,0.0245660413056612,
627,627,,0.027446413412690163
628,628,0.024449218064546585,
628,628,,0.0269243735820055
629,629,0.023893587291240692,
629,629,,0.02615932933986187
630,630,0.023409031331539154,
630,630,,0.026305455714464188
631,631,0.022881774231791496,
631,631,,0.02605103887617588
632,632,0.022356053814291954,
632,632,,0.0252534206956625
633,633,0.022517813369631767,
633,633,,0.02641293779015541
634,634,0.024069080129265785,
634,634,,0.030471639707684517
635,635,0.028030771762132645,
635,635,,0.035448990762233734
636,636,0.03180145099759102,
636,636,,0.03637554496526718
637,637,0.03268297389149666,
637,637,,0.035583071410655975
638,638,0.03186817094683647,
638,638,,0.035386405885219574
639,639,0.03156442940235138,
639,639,,0.03671518713235855
640,640,0.03413227200508118,
640,640,,0.04116795212030411
641,641,0.036606315523386,
641,641,,0.043427422642707825
642,642,0.037498973309993744,
642,642,,0.042901817709207535
643,643,0.036888670176267624,
643,643,,0.042395200580358505
644,644,0.036623332649469376,
644,644,,0.04064689949154854
645,645,0.035587128251791,
645,645,,0.04175271466374397
646,646,0.036256927996873856,
646,646,,0.04108654335141182
647,647,0.03675587475299835,
647,647,,0.03900010883808136
648,648,0.0345219187438488,
648,648,,0.03548857197165489
649,649,0.031978756189346313,
649,649,,0.03390280529856682
650,650,0.030892618000507355,
650,650,,0.033756718039512634
651,651,0.03056234121322632,
651,651,,0.03302047774195671
652,652,0.03053327463567257,
652,652,,0.03164282068610191
653,653,0.030131764709949493,
653,653,,0.029787903651595116
654,654,0.029469043016433716,
654,654,,0.02834237553179264
655,655,0.028282448649406433,
655,655,,0.02730734646320343
656,656,0.027277469635009766,
656,656,,0.02716539055109024
657,657,0.026597708463668823,
657,657,,0.026712412014603615
658,658,0.02605370059609413,
658,658,,0.027359476312994957
659,659,0.02572188526391983,
659,659,,0.0277158934623003
660,660,0.0255049429833889,
660,660,,0.028572063893079758
661,661,0.025838691741228104,
661,661,,0.028607340529561043
662,662,0.026030510663986206,
662,662,,0.02811870351433754
663,663,0.025952698662877083,
663,663,,0.027859443798661232
664,664,0.025138208642601967,
664,664,,0.027530808001756668
665,665,0.024186737835407257,
665,665,,0.026846474036574364
666,666,0.023287102580070496,
666,666,,0.02666989155113697
667,667,0.02280983328819275,
667,667,,0.026213789358735085
668,668,0.02236105501651764,
668,668,,0.025967931374907494
669,669,0.022168675437569618,
669,669,,0.02547623962163925
670,670,0.021769778802990913,
670,670,,0.025158561766147614
671,671,0.021418333053588867,
671,671,,0.024994127452373505
672,672,0.02129434607923031,
672,672,,0.02478541061282158
673,673,0.02137695625424385,
673,673,,0.024723822250962257
674,674,0.021138183772563934,
674,674,,0.02436101995408535
675,675,0.020932191982865334,
675,675,,0.02406734973192215
676,676,0.020824860781431198,
676,676,,0.02361292764544487
677,677,0.020693190395832062,
677,677,,0.023632362484931946
678,678,0.02075609751045704,
678,678,,0.023594636470079422
679,679,0.020929299294948578,
679,679,,0.023672766983509064
680,680,0.020898962393403053,
680,680,,0.023467671126127243
681,681,0.020394057035446167,
681,681,,0.02351885475218296
682,682,0.020244140177965164,
682,682,,0.023463649675250053
683,683,0.020128531381487846,
683,683,,0.023443693295121193
684,684,0.01991434209048748,
684,684,,0.023228205740451813
685,685,0.0199124813079834,
685,685,,0.023181986063718796
686,686,0.0199087243527174,
686,686,,0.023044349625706673
687,687,0.0198503527790308,
687,687,,0.023351671174168587
688,688,0.019712014123797417,
688,688,,0.02331145852804184
689,689,0.019660865887999535,
689,689,,0.022736018523573875
690,690,0.019467061385512352,
690,690,,0.02288835309445858
691,691,0.019408175721764565,
691,691,,0.022836491465568542
692,692,0.019368857145309448,
692,692,,0.022490300238132477
693,693,0.019244400784373283,
693,693,,0.022512903437018394
694,694,0.01917109452188015,
694,694,,0.02249973453581333
695,695,0.019299563020467758,
695,695,,0.02248632349073887
696,696,0.01936502195894718,
696,696,,0.0224442221224308
697,697,0.01937454752624035,
697,697,,0.022315116599202156
698,698,0.01944483444094658,
698,698,,0.02248445712029934
699,699,0.01935202069580555,
699,699,,0.02234426513314247
700,700,0.019140100106596947,
700,700,,0.02218698337674141
701,701,0.018967272713780403,
701,701,,0.022072281688451767
702,702,0.018855612725019455,
702,702,,0.022382454946637154
703,703,0.018711240962147713,
703,703,,0.02223007008433342
704,704,0.018723012879490852,
704,704,,0.02191726490855217
705,705,0.018686799332499504,
705,705,,0.02221345156431198
706,706,0.018736086785793304,
706,706,,0.021932369098067284
707,707,0.018641062080860138,
707,707,,0.02245286852121353
708,708,0.019417453557252884,
708,708,,0.023737091571092606
709,709,0.020940136164426804,
709,709,,0.024608798325061798
710,710,0.02170063741505146,
710,710,,0.02431946061551571
711,711,0.02127835899591446,
711,711,,0.023969417437911034
712,712,0.02096741460263729,
712,712,,0.023216748610138893
713,713,0.020677611231803894,
713,713,,0.02298126183450222
714,714,0.020205143839120865,
714,714,,0.02263699844479561
715,715,0.019743280485272408,
715,715,,0.021714847534894943
716,716,0.019437873736023903,
716,716,,0.022078635171055794
717,717,0.019067276269197464,
717,717,,0.02220585197210312
718,718,0.019138991832733154,
718,718,,0.022470826283097267
719,719,0.019234145060181618,
719,719,,0.02223855070769787
720,720,0.019339989870786667,
720,720,,0.022447893396019936
721,721,0.01946333236992359,
721,721,,0.022583896294236183
722,722,0.01951071247458458,
722,722,,0.022727908566594124
723,723,0.019449492916464806,
723,723,,0.02297375723719597
724,724,0.019282767549157143,
724,724,,0.022841690108180046
725,725,0.019236896187067032,
725,725,,0.02255200780928135
726,726,0.0191592276096344,
726,726,,0.02276858314871788
727,727,0.019093407317996025,
727,727,,0.022928200662136078
728,728,0.019037004560232162,
728,728,,0.02253333479166031
729,729,0.018961500376462936,
729,729,,0.022190837189555168
730,730,0.019018851220607758,
730,730,,0.022252338007092476
731,731,0.018989553675055504,
731,731,,0.022102367132902145
732,732,0.018968334421515465,
732,732,,0.022101905196905136
733,733,0.018876532092690468,
733,733,,0.022252943366765976
734,734,0.018552733585238457,
734,734,,0.021801989525556564
735,735,0.018644211813807487,
735,735,,0.022212708368897438
736,736,0.018697435036301613,
736,736,,0.022179849445819855
737,737,0.01867952197790146,
737,737,,0.02206803299486637
738,738,0.0185391828417778,
738,738,,0.021922718733549118
739,739,0.01861671172082424,
739,739,,0.021838851273059845
740,740,0.018561404198408127,
740,740,,0.022047292441129684
741,741,0.01848570629954338,
741,741,,0.021707387641072273
742,742,0.018197013065218925,
742,742,,0.021777024492621422
743,743,0.018291359767317772,
743,743,,0.02165723592042923
744,744,0.018213676288723946,
744,744,,0.02181912027299404
745,745,0.01800723373889923,
745,745,,0.021751243621110916
746,746,0.017786096781492233,
746,746,,0.02180614322423935
747,747,0.01777694746851921,
747,747,,0.021659884601831436
748,748,0.017668122425675392,
748,748,,0.021807480603456497
749,749,0.017741041257977486,
749,749,,0.021795442327857018
750,750,0.017809443175792694,
750,750,,0.021910080686211586
751,751,0.017817523330450058,
751,751,,0.021762387827038765
752,752,0.017869368195533752,
752,752,,0.021747637540102005
753,753,0.01793159730732441,
753,753,,0.021723510697484016
754,754,0.017831139266490936,
754,754,,0.021474873647093773
755,755,0.017728056758642197,
755,755,,0.0213579423725605
756,756,0.01750919222831726,
756,756,,0.021281244233250618
757,757,0.017508050426840782,
757,757,,0.021204648539423943
758,758,0.017512410879135132,
758,758,,0.02124262973666191
759,759,0.01749357394874096,
759,759,,0.021325625479221344
760,760,0.017442163079977036,
760,760,,0.021216146647930145
761,761,0.017356934025883675,
761,761,,0.021162856370210648
762,762,0.017329709604382515,
762,762,,0.021023070439696312
763,763,0.017247363924980164,
763,763,,0.021089714020490646
764,764,0.017232460901141167,
764,764,,0.02093498408794403
765,765,0.01725144498050213,
765,765,,0.020931607112288475
766,766,0.017163822427392006,
766,766,,0.0208465363830328
767,767,0.017260074615478516,
767,767,,0.020854957401752472
768,768,0.0173630528151989,
768,768,,0.021104635670781136
769,769,0.017445694655179977,
769,769,,0.02112334407866001
770,770,0.017339443787932396,
770,770,,0.02110704965889454
771,771,0.01731131784617901,
771,771,,0.021113216876983643
772,772,0.017259564250707626,
772,772,,0.021040689200162888
773,773,0.01731853559613228,
773,773,,0.021121716126799583
774,774,0.01735311560332775,
774,774,,0.021150978282094002
775,775,0.017456037923693657,
775,775,,0.02171708084642887
776,776,0.018830332905054092,
776,776,,0.024478290230035782
777,777,0.02129863202571869,
777,777,,0.027166156098246574
778,778,0.02388956770300865,
778,778,,0.02850048802793026
779,779,0.025301774963736534,
779,779,,0.02837417647242546
780,780,0.02492799237370491,
780,780,,0.02787458337843418
781,781,0.02404968813061714,
781,781,,0.026311369612812996
782,782,0.023044105619192123,
782,782,,0.025562966242432594
783,783,0.022138571366667747,
783,783,,0.024000871926546097
784,784,0.020916061475872993,
784,784,,0.023105235770344734
785,785,0.020447107031941414,
785,785,,0.022334109991788864
786,786,0.019830504432320595,
786,786,,0.021993782371282578
787,787,0.018931519240140915,
787,787,,0.021594973281025887
788,788,0.01864944025874138,
788,788,,0.021770019084215164
789,789,0.018560003489255905,
789,789,,0.02151191048324108
790,790,0.01863596774637699,
790,790,,0.021555976942181587
791,791,0.01874052919447422,
791,791,,0.02164776623249054
792,792,0.01886666752398014,
792,792,,0.02167353220283985
793,793,0.01900685951113701,
793,793,,0.02166822925209999
794,794,0.018808308988809586,
794,794,,0.02155080810189247
795,795,0.018698371946811676,
795,795,,0.021280715242028236
796,796,0.018657134845852852,
796,796,,0.02183440513908863
797,797,0.01846117526292801,
797,797,,0.02194373309612274
798,798,0.018447251990437508,
798,798,,0.022052228450775146
799,799,0.01858103834092617,
799,799,,0.022371802479028702
800,800,0.018609164282679558,
800,800,,0.022375598549842834
801,801,0.01843806728720665,
801,801,,0.022347472608089447
802,802,0.018314214423298836,
802,802,,0.022005146369338036
803,803,0.01796502247452736,
803,803,,0.02166542038321495
804,804,0.01769622415304184,
804,804,,0.021425046026706696
805,805,0.017504746094346046,
805,805,,0.02119320072233677
806,806,0.017441503703594208,
806,806,,0.02108379453420639
807,807,0.017355244606733322,
807,807,,0.020738834515213966
808,808,0.01737881451845169,
808,808,,0.020355546846985817
809,809,0.017376232892274857,
809,809,,0.020635895431041718
810,810,0.017410868778824806,
810,810,,0.020574796944856644
811,811,0.01734180934727192,
811,811,,0.02047601155936718
812,812,0.017319370061159134,
812,812,,0.020745234563946724
813,813,0.017265725880861282,
813,813,,0.02048366516828537
814,814,0.017272217199206352,
814,814,,0.020436428487300873
815,815,0.017113879323005676,
815,815,,0.020396819338202477
816,816,0.017047705128788948,
816,816,,0.020208628848195076
817,817,0.017146924510598183,
817,817,,0.020194698125123978
818,818,0.01704583317041397,
818,818,,0.02024674415588379
819,819,0.01707044243812561,
819,819,,0.02018364518880844
820,820,0.0170225128531456,
820,820,,0.02030719444155693
821,821,0.01703498698771,
821,821,,0.020257283002138138
822,822,0.01699460670351982,
822,822,,0.020180875435471535
823,823,0.01690411940217018,
823,823,,0.020237592980265617
824,824,0.016784774139523506,
824,824,,0.020180823281407356
825,825,0.01677914708852768,
825,825,,0.020366718992590904
826,826,0.016782211139798164,
826,826,,0.020290859043598175
827,827,0.016775572672486305,
827,827,,0.019962163642048836
828,828,0.01676774024963379,
828,828,,0.019874993711709976
829,829,0.016745053231716156,
829,829,,0.01998191326856613
830,830,0.016727587208151817,
830,830,,0.019859936088323593
831,831,0.016712887212634087,
831,831,,0.019827770069241524
832,832,0.01667698286473751,
832,832,,0.019843000918626785
833,833,0.016643710434436798,
833,833,,0.0197957381606102
834,834,0.016619084402918816,
834,834,,0.01978781819343567
835,835,0.01659933105111122,
835,835,,0.019847581163048744
836,836,0.016566025093197823,
836,836,,0.01984800398349762
837,837,0.016551651060581207,
837,837,,0.019903553649783134
838,838,0.016573844477534294,
838,838,,0.019995328038930893
839,839,0.016530632972717285,
839,839,,0.019878337159752846
840,840,0.016362903639674187,
840,840,,0.019821185618638992
841,841,0.016388079151511192,
841,841,,0.019820302724838257
842,842,0.016428587958216667,
842,842,,0.01992390863597393
843,843,0.016439160332083702,
843,843,,0.01980043202638626
844,844,0.01643376797437668,
844,844,,0.019772585481405258
845,845,0.016366763040423393,
845,845,,0.019751520827412605
846,846,0.016324082389473915,
846,846,,0.019760916009545326
847,847,0.016245897859334946,
847,847,,0.019781051203608513
848,848,0.01623613014817238,
848,848,,0.019764970988035202
849,849,0.016245737671852112,
849,849,,0.019712528213858604
850,850,0.016230765730142593,
850,850,,0.01977638341486454
851,851,0.016233200207352638,
851,851,,0.01981125958263874
852,852,0.016177920624613762,
852,852,,0.01986948400735855
853,853,0.016127999871969223,
853,853,,0.01983027718961239
854,854,0.016083061695098877,
854,854,,0.01983504183590412
855,855,0.016100039705634117,
855,855,,0.019806943833827972
856,856,0.016093745827674866,
856,856,,0.01974671520292759
857,857,0.01608743891119957,
857,857,,0.019731735810637474
858,858,0.016080249100923538,
858,858,,0.019721917808055878
859,859,0.016070283949375153,
859,859,,0.019724365323781967
860,860,0.016069812700152397,
860,860,,0.019704094156622887
861,861,0.016061853617429733,
861,861,,0.019707750529050827
862,862,0.016013644635677338,
862,862,,0.021443568170070648
863,863,0.019010312855243683,
863,863,,0.027370715513825417
864,864,0.02550928294658661,
864,864,,0.03195686265826225
865,865,0.02983541041612625,
865,865,,0.03047950565814972
866,866,0.028565838932991028,
866,866,,0.02566356025636196
867,867,0.02398020587861538,
867,867,,0.022455936297774315
868,868,0.021108251065015793,
868,868,,0.023443184792995453
869,869,0.02158815786242485,
869,869,,0.02506328746676445
870,870,0.023004986345767975,
870,870,,0.024292929098010063
871,871,0.02368270792067051,
871,871,,0.02307210862636566
872,872,0.02275749109685421,
872,872,,0.022336093708872795
873,873,0.021493341773748398,
873,873,,0.022121336311101913
874,874,0.02103349193930626,
874,874,,0.02270987443625927
875,875,0.02116093412041664,
875,875,,0.023102715611457825
876,876,0.02101903222501278,
876,876,,0.02332666702568531
877,877,0.02081075869500637,
877,877,,0.0234528835862875
878,878,0.020337700843811035,
878,878,,0.023052209988236427
879,879,0.019406698644161224,
879,879,,0.02282201685011387
880,880,0.018750764429569244,
880,880,,0.022904114797711372
881,881,0.01821124739944935,
881,881,,0.022575853392481804
882,882,0.017939414829015732,
882,882,,0.023129193112254143
883,883,0.018041862174868584,
883,883,,0.023330844938755035
884,884,0.018020128831267357,
884,884,,0.02283739112317562
885,885,0.018300170078873634,
885,885,,0.023191146552562714
886,886,0.018252069130539894,
886,886,,0.022594138979911804
887,887,0.01800655946135521,
887,887,,0.02230593003332615
888,888,0.017779503017663956,
888,888,,0.021944187581539154
889,889,0.01758354902267456,
889,889,,0.021651197224855423
890,890,0.017569715157151222,
890,890,,0.021027855575084686
891,891,0.017477447167038918,
891,891,,0.020508723333477974
892,892,0.017252590507268906,
892,892,,0.020024918019771576
893,893,0.01714259572327137,
893,893,,0.01985747367143631
894,894,0.01680046133697033,
894,894,,0.01946711167693138
895,895,0.016651755198836327,
895,895,,0.01946977525949478
896,896,0.016685351729393005,
896,896,,0.01956474408507347
897,897,0.01675037294626236,
897,897,,0.019760621711611748
898,898,0.01661926507949829,
898,898,,0.0197184756398201
899,899,0.016505472362041473,
899,899,,0.0195708516985178
900,900,0.016517961397767067,
900,900,,0.019622933119535446
901,901,0.016402559354901314,
901,901,,0.019575202837586403
902,902,0.01638738252222538,
902,902,,0.01940970867872238
903,903,0.01624101586639881,
903,903,,0.019724737852811813
904,904,0.016205139458179474,
904,904,,0.019324680790305138
905,905,0.016141897067427635,
905,905,,0.019720016047358513
906,906,0.016167206689715385,
906,906,,0.019604794681072235
907,907,0.01610494777560234,
907,907,,0.01957598328590393
908,908,0.016083097085356712,
908,908,,0.019599268212914467
909,909,0.01599382422864437,
909,909,,0.01960829459130764
910,910,0.015913600102066994,
910,910,,0.019570205360651016
911,911,0.015910722315311432,
911,911,,0.019619902595877647
912,912,0.01585015468299389,
912,912,,0.019562531262636185
913,913,0.015925461426377296,
913,913,,0.0196627676486969
914,914,0.015941906720399857,
914,914,,0.01975119672715664
915,915,0.01582270860671997,
915,915,,0.020112277939915657
916,916,0.01576029695570469,
916,916,,0.019979901611804962
917,917,0.015725504606962204,
917,917,,0.019767669960856438
918,918,0.015715623274445534,
918,918,,0.019726386293768883
919,919,0.015722231939435005,
919,919,,0.019742870703339577
920,920,0.015659188851714134,
920,920,,0.019657395780086517
921,921,0.015645546838641167,
921,921,,0.0196271613240242
922,922,0.015578401274979115,
922,922,,0.019648732617497444
923,923,0.015508987940847874,
923,923,,0.0196008812636137
924,924,0.015490814112126827,
924,924,,0.01965194381773472
925,925,0.015565895475447178,
925,925,,0.019514160230755806
926,926,0.015564613044261932,
926,926,,0.01959150657057762
927,927,0.015558400191366673,
927,927,,0.01958685740828514
928,928,0.015518763102591038,
928,928,,0.019618652760982513
929,929,0.015513292513787746,
929,929,,0.019664598628878593
930,930,0.015505727380514145,
930,930,,0.019666796550154686
931,931,0.01550690084695816,
931,931,,0.019663309678435326
932,932,0.01546117477118969,
932,932,,0.01964901201426983
933,933,0.015398673713207245,
933,933,,0.01964740641415119
934,934,0.015367009676992893,
934,934,,0.01966743730008602
935,935,0.015398532152175903,
935,935,,0.019629396498203278
936,936,0.01539801899343729,
936,936,,0.01970759779214859
937,937,0.015384850092232227,
937,937,,0.01972140185534954
938,938,0.01539313793182373,
938,938,,0.01973240077495575
939,939,0.015387916937470436,
939,939,,0.019680244848132133
940,940,0.015380325727164745,
940,940,,0.019705165177583694
941,941,0.015393102541565895,
941,941,,0.019540436565876007
942,942,0.015332034789025784,
942,942,,0.019490104168653488
943,943,0.015323901548981667,
943,943,,0.0195226538926363
944,944,0.015335531905293465,
944,944,,0.019523659721016884
945,945,0.015302821062505245,
945,945,,0.019516926258802414
946,946,0.015333964489400387,
946,946,,0.019496018067002296
947,947,0.015274557285010815,
947,947,,0.019415434449911118
948,948,0.015258042141795158,
948,948,,0.019335392862558365
949,949,0.015238115563988686,
949,949,,0.019353456795215607
950,950,0.015210989862680435,
950,950,,0.019315406680107117
951,951,0.015217503532767296,
951,951,,0.01930920034646988
952,952,0.015218344517052174,
952,952,,0.019311385229229927
953,953,0.015192944556474686,
953,953,,0.019330883398652077
954,954,0.015154781751334667,
954,954,,0.019379055127501488
955,955,0.01512953918427229,
955,955,,0.019389351829886436
956,956,0.01512860506772995,
956,956,,0.0193705465644598
957,957,0.01512510422617197,
957,957,,0.01955975592136383
958,958,0.015403730794787407,
958,958,,0.019574875012040138
959,959,0.015917301177978516,
959,959,,0.02053973637521267
960,960,0.01654141955077648,
960,960,,0.02102411724627018
961,961,0.01744174212217331,
961,961,,0.021482808515429497
962,962,0.017933202907443047,
962,962,,0.021453795954585075
963,963,0.017617808654904366,
963,963,,0.021002767607569695
964,964,0.017186922952532768,
964,964,,0.02045324631035328
965,965,0.01671280339360237,
965,965,,0.02015351504087448
966,966,0.016086485236883163,
966,966,,0.020075306296348572
967,967,0.015775764361023903,
967,967,,0.019932158291339874
968,968,0.01570761203765869,
968,968,,0.0197773277759552
969,969,0.015693102031946182,
969,969,,0.01973550207912922
970,970,0.015642503276467323,
970,970,,0.019714275375008583
971,971,0.01557557750493288,
971,971,,0.01968686282634735
972,972,0.015609039925038815,
972,972,,0.019551610574126244
973,973,0.0155221251770854,
973,973,,0.01980946958065033
974,974,0.01551093440502882,
974,974,,0.019817449152469635
975,975,0.015519101172685623,
975,975,,0.019814124330878258
976,976,0.01554191391915083,
976,976,,0.019748395308852196
977,977,0.015550565905869007,
977,977,,0.019964369013905525
978,978,0.01555593404918909,
978,978,,0.019905924797058105
979,979,0.015516080893576145,
979,979,,0.019872138276696205
980,980,0.015437525697052479,
980,980,,0.019864195957779884
981,981,0.01531214639544487,
981,981,,0.019831547513604164
982,982,0.015273092314600945,
982,982,,0.019791584461927414
983,983,0.015226188115775585,
983,983,,0.019425678998231888
984,984,0.01516998652368784,
984,984,,0.019573675468564034
985,985,0.01514218095690012,
985,985,,0.019561218097805977
986,986,0.015102678909897804,
986,986,,0.01942184939980507
987,987,0.015114529989659786,
987,987,,0.019343560561537743
988,988,0.015069280751049519,
988,988,,0.019386259838938713
989,989,0.01504536159336567,
989,989,,0.019340837374329567
990,990,0.01498973648995161,
990,990,,0.01936793141067028
991,991,0.014985312707722187,
991,991,,0.01944991946220398
992,992,0.014970382675528526,
992,992,,0.019421162083745003
993,993,0.014944606460630894,
993,993,,0.019447997212409973
994,994,0.014941588044166565,
994,994,,0.019402427598834038
995,995,0.014925270341336727,
995,995,,0.019297005608677864
996,996,0.014931549318134785,
996,996,,0.019200332462787628
997,997,0.01489329058676958,
997,997,,0.01918240822851658
998,998,0.01488501951098442,
998,998,,0.019216474145650864
999,999,0.014976052567362785,
999,999,,0.019175127148628235
