epoch,step,train/loss,valid/loss
0,0,0.42544853687286377,
0,0,,0.4024570882320404
1,1,0.4082949757575989,
1,1,,0.3863341808319092
2,2,0.39192378520965576,
2,2,,0.3708004653453827
3,3,0.37614086270332336,
3,3,,0.3556567430496216
4,4,0.36074015498161316,
4,4,,0.34074440598487854
5,5,0.34555718302726746,
5,5,,0.325920969247818
6,6,0.3304440677165985,
6,6,,0.3110579252243042
7,7,0.31526631116867065,
7,7,,0.29607173800468445
8,8,0.29993101954460144,
8,8,,0.2809737026691437
9,9,0.2844376564025879,
9,9,,0.2659422755241394
10,10,0.26894986629486084,
10,10,,0.25147488713264465
11,11,0.2539411187171936,
11,11,,0.23873674869537354
12,12,0.24053961038589478,
12,12,,0.23037515580654144
13,13,0.23134255409240723,
13,13,,0.23192405700683594
14,14,0.23183061182498932,
14,14,,0.2451922595500946
15,15,0.24407143890857697,
15,15,,0.2495555430650711
16,16,0.24814541637897491,
16,16,,0.2432897984981537
17,17,0.24211496114730835,
17,17,,0.23547875881195068
18,18,0.23475222289562225,
18,18,,0.23049622774124146
19,19,0.2302236407995224,
19,19,,0.22852781414985657
20,20,0.22865021228790283,
20,20,,0.2284839004278183
21,21,0.22892171144485474,
21,21,,0.2293265014886856
22,22,0.23000523447990417,
22,22,,0.23037558794021606
23,23,0.2312222570180893,
23,23,,0.23124022781848907
24,24,0.23219741880893707,
24,24,,0.23174351453781128
25,25,0.23276068270206451,
25,25,,0.2318320870399475
26,26,0.23286530375480652,
26,26,,0.23153074085712433
27,27,0.2325453907251358,
27,27,,0.23091831803321838
28,28,0.23187828063964844,
28,28,,0.23009495437145233
29,29,0.23097427189350128,
29,29,,0.22918415069580078
30,30,0.22995753586292267,
30,30,,0.2283095121383667
31,31,0.22895881533622742,
31,31,,0.22758972644805908
32,32,0.22809909284114838,
32,32,,0.2271125465631485
33,33,0.2274763584136963,
33,33,,0.22692519426345825
34,34,0.2271454632282257,
34,34,,0.22700795531272888
35,35,0.22709381580352783,
35,35,,0.22727257013320923
36,36,0.22724924981594086,
36,36,,0.22758856415748596
37,37,0.22748149931430817,
37,37,,0.2278001457452774
38,38,0.22764988243579865,
38,38,,0.22780828177928925
39,39,0.2276526838541031,
39,39,,0.2275768667459488
40,40,0.2274531126022339,
40,40,,0.22715182602405548
41,41,0.22710150480270386,
41,41,,0.22663690149784088
42,42,0.22667837142944336,
42,42,,0.226130411028862
43,43,0.22627423703670502,
43,43,,0.22570526599884033
44,44,0.22595149278640747,
44,44,,0.2253851443529129
45,45,0.2257358878850937,
45,45,,0.2251707911491394
46,46,0.22561077773571014,
46,46,,0.2250351458787918
47,47,0.22554811835289001,
47,47,,0.2249373197555542
48,48,0.22550541162490845,
48,48,,0.22484761476516724
49,49,0.22544988989830017,
49,49,,0.22474007308483124
50,50,0.22535550594329834,
50,50,,0.22459948062896729
51,51,0.2252126932144165,
51,51,,0.22443132102489471
52,52,0.22502292692661285,
52,52,,0.22424320876598358
53,53,0.22479745745658875,
53,53,,0.2240491509437561
54,54,0.22455789148807526,
54,54,,0.22386953234672546
55,55,0.22432249784469604,
55,55,,0.22371530532836914
56,56,0.22410736978054047,
56,56,,0.22358816862106323
57,57,0.22392436861991882,
57,57,,0.22348752617835999
58,58,0.22376897931098938,
58,58,,0.2233991026878357
59,59,0.22363245487213135,
59,59,,0.22329720854759216
60,60,0.22350101172924042,
60,60,,0.2231675684452057
61,61,0.22335655987262726,
61,61,,0.22300125658512115
62,62,0.22318673133850098,
62,62,,0.222792848944664
63,63,0.2229934185743332,
63,63,,0.2225576937198639
64,64,0.22277966141700745,
64,64,,0.22229689359664917
65,65,0.22255796194076538,
65,65,,0.2220332771539688
66,66,0.22233858704566956,
66,66,,0.2217731922864914
67,67,0.22212561964988708,
67,67,,0.22153273224830627
68,68,0.2219238579273224,
68,68,,0.22129854559898376
69,69,0.22172796726226807,
69,69,,0.22107306122779846
70,70,0.2215328812599182,
70,70,,0.22084802389144897
71,71,0.22133171558380127,
71,71,,0.2206227332353592
72,72,0.22111788392066956,
72,72,,0.22039374709129333
73,73,0.22089020907878876,
73,73,,0.22016087174415588
74,74,0.22065122425556183,
74,74,,0.219925194978714
75,75,0.22040319442749023,
75,75,,0.2196883261203766
76,76,0.22015175223350525,
76,76,,0.21945740282535553
77,77,0.21990007162094116,
77,77,,0.21922697126865387
78,78,0.21964696049690247,
78,78,,0.21898885071277618
79,79,0.2193949818611145,
79,79,,0.21874038875102997
80,80,0.21913929283618927,
80,80,,0.2184814065694809
81,81,0.21887393295764923,
81,81,,0.21819916367530823
82,82,0.21859946846961975,
82,82,,0.2179025262594223
83,83,0.218312606215477,
83,83,,0.21758659183979034
84,84,0.2180148810148239,
84,84,,0.2172601819038391
85,85,0.2177126258611679,
85,85,,0.2169269621372223
86,86,0.21740390360355377,
86,86,,0.21658752858638763
87,87,0.21708828210830688,
87,87,,0.21624569594860077
88,88,0.21676760911941528,
88,88,,0.21589751541614532
89,89,0.216440811753273,
89,89,,0.21554617583751678
90,90,0.21610037982463837,
90,90,,0.21518245339393616
91,91,0.21575088798999786,
91,91,,0.21481604874134064
92,92,0.21538780629634857,
92,92,,0.21444761753082275
93,93,0.21501436829566956,
93,93,,0.21406541764736176
94,94,0.21462880074977875,
94,94,,0.2136741280555725
95,95,0.21423320472240448,
95,95,,0.21326155960559845
96,96,0.21382561326026917,
96,96,,0.21283583343029022
97,97,0.21340085566043854,
97,97,,0.21238373219966888
98,98,0.21296022832393646,
98,98,,0.2119046002626419
99,99,0.21249788999557495,
99,99,,0.21140645444393158
100,100,0.21201640367507935,
100,100,,0.21087917685508728
101,101,0.2115119993686676,
101,101,,0.2103269249200821
102,102,0.2109793722629547,
102,102,,0.2097432166337967
103,103,0.21041975915431976,
103,103,,0.20912683010101318
104,104,0.20982494950294495,
104,104,,0.2084808349609375
105,105,0.20918983221054077,
105,105,,0.20778575539588928
106,106,0.20850762724876404,
106,106,,0.20703992247581482
107,107,0.20776747167110443,
107,107,,0.2062307745218277
108,108,0.20696035027503967,
108,108,,0.20534521341323853
109,109,0.20607206225395203,
109,109,,0.20433716475963593
110,110,0.20507940649986267,
110,110,,0.20320382714271545
111,111,0.20396046340465546,
111,111,,0.2018916755914688
112,112,0.20267745852470398,
112,112,,0.2003755420446396
113,113,0.2011873722076416,
113,113,,0.1986178457736969
114,114,0.19943994283676147,
114,114,,0.19660693407058716
115,115,0.19744011759757996,
115,115,,0.19463509321212769
116,116,0.1955312043428421,
116,116,,0.19567112624645233
117,117,0.1961815506219864,
117,117,,0.2472878396511078
118,118,0.25193458795547485,
118,118,,0.20237857103347778
119,119,0.2027597576379776,
119,119,,0.21339687705039978
120,120,0.21380700170993805,
120,120,,0.21055643260478973
121,121,0.21164436638355255,
121,121,,0.20890755951404572
122,122,0.21052975952625275,
122,122,,0.208069309592247
123,123,0.20999686419963837,
123,123,,0.20638038218021393
124,124,0.208396315574646,
124,124,,0.203362375497818
125,125,0.20526784658432007,
125,125,,0.19952374696731567
126,126,0.20113931596279144,
126,126,,0.19632115960121155
127,127,0.1974586695432663,
127,127,,0.1961350291967392
128,128,0.19665013253688812,
128,128,,0.2002502828836441
129,129,0.20016297698020935,
129,129,,0.20274335145950317
130,130,0.2024773806333542,
130,130,,0.1993275284767151
131,131,0.19945144653320312,
131,131,,0.19606052339076996
132,132,0.1967722624540329,
132,132,,0.19543206691741943
133,133,0.19665656983852386,
133,133,,0.19604934751987457
134,134,0.19760501384735107,
134,134,,0.19637304544448853
135,135,0.19808489084243774,
135,135,,0.1957518458366394
136,136,0.19744335114955902,
136,136,,0.19427131116390228
137,137,0.1957923024892807,
137,137,,0.1925903707742691
138,138,0.1938033550977707,
138,138,,0.19169022142887115
139,139,0.19248150289058685,
139,139,,0.19219481945037842
140,140,0.19253936409950256,
140,140,,0.19312360882759094
141,141,0.19316630065441132,
141,141,,0.1923985332250595
142,142,0.19244174659252167,
142,142,,0.19031506776809692
143,143,0.19062300026416779,
143,143,,0.18878786265850067
144,144,0.18945808708667755,
144,144,,0.1882164627313614
145,145,0.18918542563915253,
145,145,,0.1878146231174469
146,146,0.1889500468969345,
146,146,,0.18690043687820435
147,147,0.18801163136959076,
147,147,,0.185479074716568
148,148,0.18635796010494232,
148,148,,0.18437445163726807
149,149,0.18482409417629242,
149,149,,0.18451350927352905
150,150,0.1844535917043686,
150,150,,0.18397942185401917
151,151,0.18375132977962494,
151,151,,0.18190132081508636
152,152,0.18205203115940094,
152,152,,0.18142780661582947
153,153,0.18197780847549438,
153,153,,0.18080897629261017
154,154,0.18126803636550903,
154,154,,0.18019498884677887
155,155,0.17999151349067688,
155,155,,0.18133407831192017
156,156,0.1806686520576477,
156,156,,0.17886283993721008
157,157,0.17898690700531006,
157,157,,0.17860642075538635
158,158,0.1791256070137024,
158,158,,0.1772388219833374
159,159,0.1774939000606537,
159,159,,0.1770271509885788
160,160,0.17682717740535736,
160,160,,0.1761971116065979
161,161,0.17599456012248993,
161,161,,0.17490153014659882
162,162,0.1750733107328415,
162,162,,0.1743684709072113
163,163,0.1747886687517166,
163,163,,0.17326445877552032
164,164,0.17375974357128143,
164,164,,0.1727694869041443
165,165,0.17324848473072052,
165,165,,0.17242145538330078
166,166,0.1728658229112625,
166,166,,0.1714620143175125
167,167,0.17190255224704742,
167,167,,0.17100876569747925
168,168,0.17142336070537567,
168,168,,0.17018741369247437
169,169,0.1706700176000595,
169,169,,0.1692129671573639
170,170,0.16980765759944916,
170,170,,0.16867366433143616
171,171,0.16920052468776703,
171,171,,0.16786091029644012
172,172,0.16814570128917694,
172,172,,0.16753672063350677
173,173,0.1676083505153656,
173,173,,0.16648240387439728
174,174,0.16660524904727936,
174,174,,0.16593386232852936
175,175,0.1661083996295929,
175,175,,0.16544131934642792
176,176,0.16545706987380981,
176,176,,0.165532186627388
177,177,0.16527581214904785,
177,177,,0.16517898440361023
178,178,0.1649002730846405,
178,178,,0.16520780324935913
179,179,0.1648806631565094,
179,179,,0.16484256088733673
180,180,0.16442131996154785,
180,180,,0.16465364396572113
181,181,0.16417086124420166,
181,181,,0.1643059104681015
182,182,0.1637900024652481,
182,182,,0.164087176322937
183,183,0.1636023074388504,
183,183,,0.1637498140335083
184,184,0.16333915293216705,
184,184,,0.16356517374515533
185,185,0.16318389773368835,
185,185,,0.16337068378925323
186,186,0.16295522451400757,
186,186,,0.163192480802536
187,187,0.162788525223732,
187,187,,0.16283449530601501
188,188,0.16257402300834656,
188,188,,0.1625405251979828
189,189,0.16238714754581451,
189,189,,0.16232940554618835
190,190,0.1621471494436264,
190,190,,0.16219130158424377
191,191,0.16189278662204742,
191,191,,0.16198612749576569
192,192,0.161652073264122,
192,192,,0.16173513233661652
193,193,0.16139812767505646,
193,193,,0.16152982413768768
194,194,0.16121068596839905,
194,194,,0.1614067703485489
195,195,0.16105970740318298,
195,195,,0.1613943874835968
196,196,0.16094399988651276,
196,196,,0.1613549292087555
197,197,0.160831481218338,
197,197,,0.16125375032424927
198,198,0.16069437563419342,
198,198,,0.16107136011123657
199,199,0.16054712235927582,
199,199,,0.16084063053131104
200,200,0.16038349270820618,
200,200,,0.16068097949028015
201,201,0.16023369133472443,
201,201,,0.16055932641029358
202,202,0.1600915789604187,
202,202,,0.1604696810245514
203,203,0.1599937230348587,
203,203,,0.1603219360113144
204,204,0.15991608798503876,
204,204,,0.16020773351192474
205,205,0.15984433889389038,
205,205,,0.16010800004005432
206,206,0.15978789329528809,
206,206,,0.16003546118736267
207,207,0.15970967710018158,
207,207,,0.15994572639465332
208,208,0.15963129699230194,
208,208,,0.15985015034675598
209,209,0.1595638543367386,
209,209,,0.15976184606552124
210,210,0.15947294235229492,
210,210,,0.15969312191009521
211,211,0.1594034880399704,
211,211,,0.15963031351566315
212,212,0.15933915972709656,
212,212,,0.15961399674415588
213,213,0.1592780500650406,
213,213,,0.15956754982471466
214,214,0.15922453999519348,
214,214,,0.15953429043293
215,215,0.15916240215301514,
215,215,,0.15948127210140228
216,216,0.15911783277988434,
216,216,,0.159432515501976
217,217,0.15905459225177765,
217,217,,0.1593690812587738
218,218,0.15899334847927094,
218,218,,0.1593116968870163
219,219,0.15893441438674927,
219,219,,0.15926945209503174
220,220,0.15887746214866638,
220,220,,0.15922558307647705
221,221,0.15881921350955963,
221,221,,0.15917396545410156
222,222,0.15876735746860504,
222,222,,0.1591329723596573
223,223,0.15870290994644165,
223,223,,0.15907931327819824
224,224,0.1586480289697647,
224,224,,0.15904724597930908
225,225,0.15858951210975647,
225,225,,0.15900352597236633
226,226,0.15853245556354523,
226,226,,0.15896408259868622
227,227,0.15847669541835785,
227,227,,0.1589234620332718
228,228,0.1584196388721466,
228,228,,0.15886592864990234
229,229,0.15836799144744873,
229,229,,0.15883292257785797
230,230,0.15831337869167328,
230,230,,0.15880896151065826
231,231,0.15825960040092468,
231,231,,0.15875792503356934
232,232,0.158196821808815,
232,232,,0.15867790579795837
233,233,0.15814416110515594,
233,233,,0.15863409638404846
234,234,0.15808096528053284,
234,234,,0.1585930436849594
235,235,0.15802036225795746,
235,235,,0.1585259586572647
236,236,0.15797311067581177,
236,236,,0.1584968864917755
237,237,0.1579025685787201,
237,237,,0.1584130823612213
238,238,0.15784971415996552,
238,238,,0.15836457908153534
239,239,0.15779219567775726,
239,239,,0.15831299126148224
240,240,0.1577327847480774,
240,240,,0.15827877819538116
241,241,0.15767917037010193,
241,241,,0.15822218358516693
242,242,0.1576167196035385,
242,242,,0.15814615786075592
243,243,0.15756137669086456,
243,243,,0.15811392664909363
244,244,0.15750551223754883,
244,244,,0.15806572139263153
245,245,0.15745122730731964,
245,245,,0.15804694592952728
246,246,0.15738244354724884,
246,246,,0.1579960435628891
247,247,0.15733064711093903,
247,247,,0.15794657170772552
248,248,0.15727125108242035,
248,248,,0.15788346529006958
249,249,0.15720050036907196,
249,249,,0.15784190595149994
250,250,0.15715038776397705,
250,250,,0.15781936049461365
251,251,0.15708279609680176,
251,251,,0.15772460401058197
252,252,0.15702155232429504,
252,252,,0.15768557786941528
253,253,0.1569652110338211,
253,253,,0.15766292810440063
254,254,0.1568889170885086,
254,254,,0.15757907927036285
255,255,0.15682077407836914,
255,255,,0.15753073990345
256,256,0.1567712277173996,
256,256,,0.15750275552272797
257,257,0.15668903291225433,
257,257,,0.15743614733219147
258,258,0.1566319316625595,
258,258,,0.15737676620483398
259,259,0.15656214952468872,
259,259,,0.15732206404209137
260,260,0.1564917415380478,
260,260,,0.15727725625038147
261,261,0.15641839802265167,
261,261,,0.15721295773983002
262,262,0.15634183585643768,
262,262,,0.15715384483337402
263,263,0.15626700222492218,
263,263,,0.15709170699119568
264,264,0.15619826316833496,
264,264,,0.15701895952224731
265,265,0.15611638128757477,
265,265,,0.15696397423744202
266,266,0.15604393184185028,
266,266,,0.1568930298089981
267,267,0.1559721678495407,
267,267,,0.1568268984556198
268,268,0.15588834881782532,
268,268,,0.15675517916679382
269,269,0.15580584108829498,
269,269,,0.15671813488006592
270,270,0.15573254227638245,
270,270,,0.1566460281610489
271,271,0.15564288198947906,
271,271,,0.1565612256526947
272,272,0.155563086271286,
272,272,,0.15649347007274628
273,273,0.15547442436218262,
273,273,,0.1564442664384842
274,274,0.1553841382265091,
274,274,,0.15634532272815704
275,275,0.15528307855129242,
275,275,,0.15627869963645935
276,276,0.15520118176937103,
276,276,,0.15624578297138214
277,277,0.155097097158432,
277,277,,0.156122088432312
278,278,0.15500986576080322,
278,278,,0.15603511035442352
279,279,0.15490569174289703,
279,279,,0.15598253905773163
280,280,0.15482570230960846,
280,280,,0.15589219331741333
281,281,0.1547146588563919,
281,281,,0.15581148862838745
282,282,0.15460678935050964,
282,282,,0.15571929514408112
283,283,0.15449921786785126,
283,283,,0.1556275486946106
284,284,0.1543925255537033,
284,284,,0.1555294543504715
285,285,0.15428267419338226,
285,285,,0.1554582118988037
286,286,0.15415245294570923,
286,286,,0.15534552931785583
287,287,0.15404099225997925,
287,287,,0.15525472164154053
288,288,0.15391598641872406,
288,288,,0.15515242516994476
289,289,0.15380118787288666,
289,289,,0.155057892203331
290,290,0.1536763310432434,
290,290,,0.15494811534881592
291,291,0.15354931354522705,
291,291,,0.1548241227865219
292,292,0.15341679751873016,
292,292,,0.15471330285072327
293,293,0.15327788889408112,
293,293,,0.15459758043289185
294,294,0.1531391590833664,
294,294,,0.15445759892463684
295,295,0.1530045121908188,
295,295,,0.15437273681163788
296,296,0.1528511792421341,
296,296,,0.15423405170440674
297,297,0.1526966392993927,
297,297,,0.15412074327468872
298,298,0.15254682302474976,
298,298,,0.15398617088794708
299,299,0.15237925946712494,
299,299,,0.1538342982530594
300,300,0.15221521258354187,
300,300,,0.15369118750095367
301,301,0.1520477831363678,
301,301,,0.15356633067131042
302,302,0.15187135338783264,
302,302,,0.15342535078525543
303,303,0.1517106145620346,
303,303,,0.1532796323299408
304,304,0.15153536200523376,
304,304,,0.1531108021736145
305,305,0.1513470709323883,
305,305,,0.1529487818479538
306,306,0.15115614235401154,
306,306,,0.15277448296546936
307,307,0.15096475183963776,
307,307,,0.15261411666870117
308,308,0.15076813101768494,
308,308,,0.1524457335472107
309,309,0.15057797729969025,
309,309,,0.15227371454238892
310,310,0.15037178993225098,
310,310,,0.15210206806659698
311,311,0.15016961097717285,
311,311,,0.15192367136478424
312,312,0.14995937049388885,
312,312,,0.1517486721277237
313,313,0.14975376427173615,
313,313,,0.15154393017292023
314,314,0.14953811466693878,
314,314,,0.15136712789535522
315,315,0.1493292897939682,
315,315,,0.1511702537536621
316,316,0.149117574095726,
316,316,,0.1509711891412735
317,317,0.1489133983850479,
317,317,,0.15078771114349365
318,318,0.14869703352451324,
318,318,,0.15061575174331665
319,319,0.14848464727401733,
319,319,,0.1504184901714325
320,320,0.14827987551689148,
320,320,,0.15022221207618713
321,321,0.1480640470981598,
321,321,,0.15005053579807281
322,322,0.14786472916603088,
322,322,,0.1498636156320572
323,323,0.1476537436246872,
323,323,,0.1497114896774292
324,324,0.14743788540363312,
324,324,,0.1494998335838318
325,325,0.14723272621631622,
325,325,,0.14933611452579498
326,326,0.1470368653535843,
326,326,,0.14914092421531677
327,327,0.1468270868062973,
327,327,,0.1489400416612625
328,328,0.14659567177295685,
328,328,,0.1487836241722107
329,329,0.14638382196426392,
329,329,,0.148548886179924
330,330,0.14617277681827545,
330,330,,0.14839085936546326
331,331,0.14593985676765442,
331,331,,0.14818231761455536
332,332,0.1457373946905136,
332,332,,0.14796461164951324
333,333,0.14550532400608063,
333,333,,0.14772818982601166
334,334,0.1452883630990982,
334,334,,0.14755216240882874
335,335,0.14505305886268616,
335,335,,0.14735791087150574
336,336,0.14481738209724426,
336,336,,0.14714358747005463
337,337,0.14460252225399017,
337,337,,0.14693956077098846
338,338,0.1443590521812439,
338,338,,0.1467176079750061
339,339,0.14413364231586456,
339,339,,0.14645934104919434
340,340,0.14389599859714508,
340,340,,0.1462564766407013
341,341,0.14365185797214508,
341,341,,0.14604587852954865
342,342,0.1434064656496048,
342,342,,0.14579743146896362
343,343,0.1431514471769333,
343,343,,0.14558415114879608
344,344,0.14290623366832733,
344,344,,0.1453917771577835
345,345,0.14267337322235107,
345,345,,0.14513055980205536
346,346,0.1424199342727661,
346,346,,0.1448880434036255
347,347,0.14215083420276642,
347,347,,0.14469395577907562
348,348,0.1419062316417694,
348,348,,0.14447306096553802
349,349,0.14164574444293976,
349,349,,0.14425304532051086
350,350,0.14138224720954895,
350,350,,0.1440160870552063
351,351,0.14111977815628052,
351,351,,0.14377237856388092
352,352,0.14086103439331055,
352,352,,0.14352555572986603
353,353,0.14062662422657013,
353,353,,0.14330868422985077
354,354,0.14031729102134705,
354,354,,0.14311325550079346
355,355,0.14005433022975922,
355,355,,0.142889142036438
356,356,0.13976356387138367,
356,356,,0.14265646040439606
357,357,0.13950467109680176,
357,357,,0.14250992238521576
358,358,0.13924425840377808,
358,358,,0.1422550231218338
359,359,0.13895881175994873,
359,359,,0.14205697178840637
360,360,0.1386740654706955,
360,360,,0.14180129766464233
361,361,0.13839437067508698,
361,361,,0.141572967171669
362,362,0.13812993466854095,
362,362,,0.14138713479042053
363,363,0.1378462314605713,
363,363,,0.14114777743816376
364,364,0.13755154609680176,
364,364,,0.1409154087305069
365,365,0.13726754486560822,
365,365,,0.14066770672798157
366,366,0.13697773218154907,
366,366,,0.1404675990343094
367,367,0.13667818903923035,
367,367,,0.1402173787355423
368,368,0.136409193277359,
368,368,,0.1400008201599121
369,369,0.13610069453716278,
369,369,,0.13976897299289703
370,370,0.13578639924526215,
370,370,,0.1395232230424881
371,371,0.1354948729276657,
371,371,,0.13926678895950317
372,372,0.13516199588775635,
372,372,,0.13906070590019226
373,373,0.13483130931854248,
373,373,,0.13877557218074799
374,374,0.13451048731803894,
374,374,,0.13856986165046692
375,375,0.13420264422893524,
375,375,,0.1383068561553955
376,376,0.13384772837162018,
376,376,,0.13802997767925262
377,377,0.13349969685077667,
377,377,,0.13774442672729492
378,378,0.13316023349761963,
378,378,,0.13750775158405304
379,379,0.13277271389961243,
379,379,,0.13718558847904205
380,380,0.1324184387922287,
380,380,,0.13690702617168427
381,381,0.1320372223854065,
381,381,,0.13657638430595398
382,382,0.13165202736854553,
382,382,,0.13630864024162292
383,383,0.13125908374786377,
383,383,,0.13597343862056732
384,384,0.13082370162010193,
384,384,,0.1356704831123352
385,385,0.130407452583313,
385,385,,0.13536006212234497
386,386,0.13000285625457764,
386,386,,0.1349487006664276
387,387,0.1295764297246933,
387,387,,0.13462336361408234
388,388,0.12908750772476196,
388,388,,0.1342548429965973
389,389,0.12860415875911713,
389,389,,0.13388633728027344
390,390,0.1281442791223526,
390,390,,0.13349565863609314
391,391,0.12765999138355255,
391,391,,0.13306798040866852
392,392,0.12712311744689941,
392,392,,0.13264475762844086
393,393,0.1266266107559204,
393,393,,0.13227500021457672
394,394,0.12605826556682587,
394,394,,0.13176806271076202
395,395,0.12548880279064178,
395,395,,0.13134844601154327
396,396,0.12489880621433258,
396,396,,0.13087771832942963
397,397,0.12430458515882492,
397,397,,0.1302952766418457
398,398,0.12368540465831757,
398,398,,0.12981383502483368
399,399,0.12305931001901627,
399,399,,0.12926603853702545
400,400,0.12241867184638977,
400,400,,0.12864689528942108
401,401,0.12172482907772064,
401,401,,0.1280849426984787
402,402,0.12101460993289948,
402,402,,0.1275068074464798
403,403,0.12030395865440369,
403,403,,0.1268305778503418
404,404,0.11953624337911606,
404,404,,0.12621378898620605
405,405,0.11875113844871521,
405,405,,0.12548939883708954
406,406,0.11792261153459549,
406,406,,0.12485065311193466
407,407,0.11709403991699219,
407,407,,0.12411706894636154
408,408,0.11623580008745193,
408,408,,0.12332282960414886
409,409,0.11536609381437302,
409,409,,0.12251672148704529
410,410,0.11443530768156052,
410,410,,0.12163069099187851
411,411,0.11353935301303864,
411,411,,0.12093240022659302
412,412,0.11257968097925186,
412,412,,0.11980050802230835
413,413,0.11177221685647964,
413,413,,0.11928653717041016
414,414,0.11077099293470383,
414,414,,0.11800630390644073
415,415,0.10982620716094971,
415,415,,0.11735715717077255
416,416,0.10879456996917725,
416,416,,0.11633407324552536
417,417,0.10774592310190201,
417,417,,0.11488206684589386
418,418,0.10634641349315643,
418,418,,0.11409756541252136
419,419,0.10532444715499878,
419,419,,0.11310707032680511
420,420,0.10439815372228622,
420,420,,0.11186547577381134
421,421,0.1030549556016922,
421,421,,0.11062632501125336
422,422,0.10186608135700226,
422,422,,0.11034493148326874
423,423,0.1010616347193718,
423,423,,0.10810419917106628
424,424,0.09990362823009491,
424,424,,0.107919842004776
425,425,0.09867095202207565,
425,425,,0.10624304413795471
426,426,0.09733302146196365,
426,426,,0.10480693727731705
427,427,0.09667595475912094,
427,427,,0.10448286682367325
428,428,0.09535108506679535,
428,428,,0.10281894356012344
429,429,0.09410140663385391,
429,429,,0.10137943178415298
430,430,0.09326484054327011,
430,430,,0.10165130347013474
431,431,0.09260533004999161,
431,431,,0.0992254838347435
432,432,0.09089948982000351,
432,432,,0.09803735464811325
433,433,0.09009914100170135,
433,433,,0.09647959470748901
434,434,0.08867393434047699,
434,434,,0.09646520018577576
435,435,0.08809108287096024,
435,435,,0.09431348741054535
436,436,0.08664928376674652,
436,436,,0.09348958730697632
437,437,0.08556517213582993,
437,437,,0.09254536777734756
438,438,0.08474786579608917,
438,438,,0.09210419654846191
439,439,0.08397205919027328,
439,439,,0.09148099273443222
440,440,0.08304069936275482,
440,440,,0.0899895578622818
441,441,0.0821075364947319,
441,441,,0.089780293405056
442,442,0.08181074261665344,
442,442,,0.08746147900819778
443,443,0.07973898947238922,
443,443,,0.08802797645330429
444,444,0.08094476163387299,
444,444,,0.08571351319551468
445,445,0.07879175245761871,
445,445,,0.08426854759454727
446,446,0.07708839327096939,
446,446,,0.0848696231842041
447,447,0.07796528935432434,
447,447,,0.0829760730266571
448,448,0.07583153992891312,
448,448,,0.08139573037624359
449,449,0.07456479221582413,
449,449,,0.08173298835754395
450,450,0.07450080662965775,
450,450,,0.07951879501342773
451,451,0.07235976308584213,
451,451,,0.07939072698354721
452,452,0.07260319590568542,
452,452,,0.07921811938285828
453,453,0.07251152396202087,
453,453,,0.07708434015512466
454,454,0.07084322720766068,
454,454,,0.07763443142175674
455,455,0.0709940642118454,
455,455,,0.07744509726762772
456,456,0.06938748061656952,
456,456,,0.07586043328046799
457,457,0.06810283660888672,
457,457,,0.07538023591041565
458,458,0.06767939776182175,
458,458,,0.07457858324050903
459,459,0.06703122705221176,
459,459,,0.07333298027515411
460,460,0.06649942696094513,
460,460,,0.07459618151187897
461,461,0.0680222362279892,
461,461,,0.07227322459220886
462,462,0.06619033962488174,
462,462,,0.07124368846416473
463,463,0.06527863442897797,
463,463,,0.07036338001489639
464,464,0.06386195123195648,
464,464,,0.06974011659622192
465,465,0.06334103643894196,
465,465,,0.06911597400903702
466,466,0.06256961077451706,
466,466,,0.06877713650465012
467,467,0.061026718467473984,
467,467,,0.06820053607225418
468,468,0.0608677975833416,
468,468,,0.06848391145467758
469,469,0.06054108217358589,
469,469,,0.06748473644256592
470,470,0.05967258661985397,
470,470,,0.06588102877140045
471,471,0.05852419137954712,
471,471,,0.06489694863557816
472,472,0.05737971141934395,
472,472,,0.06363922357559204
473,473,0.056981511414051056,
473,473,,0.06282846629619598
474,474,0.0566401369869709,
474,474,,0.06180121749639511
475,475,0.0554802343249321,
475,475,,0.06164323911070824
476,476,0.05526154115796089,
476,476,,0.06138377636671066
477,477,0.05492248758673668,
477,477,,0.06062139570713043
478,478,0.05389338359236717,
478,478,,0.05967055633664131
479,479,0.05302255600690842,
479,479,,0.05959198623895645
480,480,0.052268337458372116,
480,480,,0.059173062443733215
481,481,0.0516057014465332,
481,481,,0.058698609471321106
482,482,0.05111922696232796,
482,482,,0.0581781230866909
483,483,0.05070774629712105,
483,483,,0.05759359523653984
484,484,0.05011273920536041,
484,484,,0.061660267412662506
485,485,0.055303871631622314,
485,485,,0.06391986459493637
486,486,0.05838216096162796,
486,486,,0.0595591701567173
487,487,0.053983718156814575,
487,487,,0.05733690410852432
488,488,0.05051250010728836,
488,488,,0.06049066409468651
489,489,0.05283821001648903,
489,489,,0.05996255576610565
490,490,0.052173711359500885,
490,490,,0.058033086359500885
491,491,0.04912285879254341,
491,491,,0.0574444904923439
492,492,0.04897155240178108,
492,492,,0.05792044475674629
493,493,0.04990449175238609,
493,493,,0.057692013680934906
494,494,0.04946229234337807,
494,494,,0.05549009144306183
495,495,0.04707229509949684,
495,495,,0.053410619497299194
496,496,0.04565656930208206,
496,496,,0.0531633086502552
497,497,0.04608931019902229,
497,497,,0.05236055701971054
498,498,0.04637701436877251,
498,498,,0.051439069211483
499,499,0.045250631868839264,
499,499,,0.05004807934165001
500,500,0.0441674068570137,
500,500,,0.0503271259367466
501,501,0.04431867226958275,
501,501,,0.0505400188267231
502,502,0.04424376040697098,
502,502,,0.050246600061655045
503,503,0.043248895555734634,
503,503,,0.0508478544652462
504,504,0.04399651288986206,
504,504,,0.05267835780978203
505,505,0.046246062964200974,
505,505,,0.05119623988866806
506,506,0.04400298744440079,
506,506,,0.05054611712694168
507,507,0.04343664273619652,
507,507,,0.05112842097878456
508,508,0.04325730353593826,
508,508,,0.051047295331954956
509,509,0.04251728951931,
509,509,,0.04987611249089241
510,510,0.04171118885278702,
510,510,,0.05037612095475197
511,511,0.0419338084757328,
511,511,,0.04907199740409851
512,512,0.04125361144542694,
512,512,,0.046991027891635895
513,513,0.03971309959888458,
513,513,,0.04630552604794502
514,514,0.03963950648903847,
514,514,,0.04584984481334686
515,515,0.03981669992208481,
515,515,,0.04559691250324249
516,516,0.039246924221515656,
516,516,,0.04534284025430679
517,517,0.03880992904305458,
517,517,,0.045005276799201965
518,518,0.03855922445654869,
518,518,,0.0435863621532917
519,519,0.03795117139816284,
519,519,,0.04356296360492706
520,520,0.03704817593097687,
520,520,,0.043325912207365036
521,521,0.03664783015847206,
521,521,,0.043754834681749344
522,522,0.0365363284945488,
522,522,,0.042991235852241516
523,523,0.035954657942056656,
523,523,,0.04271510988473892
524,524,0.035214394330978394,
524,524,,0.043408993631601334
525,525,0.036788541823625565,
525,525,,0.04579322040081024
526,526,0.039087969809770584,
526,526,,0.04440704360604286
527,527,0.037304770201444626,
527,527,,0.0421418696641922
528,528,0.035250790417194366,
528,528,,0.04286593571305275
529,529,0.03588957339525223,
529,529,,0.04419182613492012
530,530,0.03753478080034256,
530,530,,0.04341580718755722
531,531,0.03689352422952652,
531,531,,0.04173251986503601
532,532,0.03471445292234421,
532,532,,0.039994340389966965
533,533,0.03353292495012283,
533,533,,0.0410894975066185
534,534,0.034506384283304214,
534,534,,0.04241492226719856
535,535,0.03628690540790558,
535,535,,0.04092687740921974
536,536,0.035280197858810425,
536,536,,0.03956367075443268
537,537,0.033359233289957047,
537,537,,0.03909628838300705
538,538,0.032874979078769684,
538,538,,0.041855618357658386
539,539,0.03453729301691055,
539,539,,0.04361463710665703
540,540,0.036157622933387756,
540,540,,0.04043896123766899
541,541,0.03345559164881706,
541,541,,0.0384262315928936
542,542,0.03160128369927406,
542,542,,0.03836100175976753
543,543,0.03140062093734741,
543,543,,0.0396464504301548
544,544,0.03247518092393875,
544,544,,0.03970105201005936
545,545,0.03370840847492218,
545,545,,0.038958631455898285
546,546,0.03343048691749573,
546,546,,0.038016632199287415
547,547,0.03279786929488182,
547,547,,0.037347808480262756
548,548,0.03243901953101158,
548,548,,0.03776320442557335
549,549,0.031835295259952545,
549,549,,0.038535285741090775
550,550,0.031603362411260605,
550,550,,0.03854723647236824
551,551,0.03155671805143356,
551,551,,0.03749578446149826
552,552,0.030647611245512962,
552,552,,0.0358138270676136
553,553,0.030252914875745773,
553,553,,0.03592804819345474
554,554,0.030030805617570877,
554,554,,0.03587140142917633
555,555,0.03010120801627636,
555,555,,0.03589518368244171
556,556,0.030039610341191292,
556,556,,0.03598809987306595
557,557,0.029759841039776802,
557,557,,0.03590293601155281
558,558,0.0293266698718071,
558,558,,0.035690080374479294
559,559,0.028800565749406815,
559,559,,0.03486741706728935
560,560,0.028442280367016792,
560,560,,0.03444156050682068
561,561,0.02820456214249134,
561,561,,0.03433723375201225
562,562,0.02834302745759487,
562,562,,0.03439601510763168
563,563,0.02825242280960083,
563,563,,0.03436076268553734
564,564,0.0279619712382555,
564,564,,0.034217022359371185
565,565,0.027770694345235825,
565,565,,0.034480880945920944
566,566,0.02787301130592823,
566,566,,0.034828003495931625
567,567,0.028322851285338402,
567,567,,0.03576863557100296
568,568,0.029136555269360542,
568,568,,0.036389369517564774
569,569,0.029641231521964073,
569,569,,0.035386066883802414
570,570,0.029097924008965492,
570,570,,0.034745778888463974
571,571,0.028059521690011024,
571,571,,0.03406304866075516
572,572,0.02746906876564026,
572,572,,0.03448105230927467
573,573,0.0273920688778162,
573,573,,0.034252043813467026
574,574,0.027783436700701714,
574,574,,0.03462277352809906
575,575,0.0280052088201046,
575,575,,0.03521137684583664
576,576,0.029681917279958725,
576,576,,0.03570590168237686
577,577,0.030743906274437904,
577,577,,0.03607533499598503
578,578,0.030645286664366722,
578,578,,0.034197743982076645
579,579,0.028972536325454712,
579,579,,0.035166043788194656
580,580,0.029207900166511536,
580,580,,0.03701921924948692
581,581,0.03045847825706005,
581,581,,0.03836765140295029
582,582,0.032559819519519806,
582,582,,0.03824886307120323
583,583,0.03237290680408478,
583,583,,0.03748558461666107
584,584,0.031081048771739006,
584,584,,0.036132004112005234
585,585,0.02998749352991581,
585,585,,0.03465500473976135
586,586,0.02915850095450878,
586,586,,0.036775507032871246
587,587,0.03075517527759075,
587,587,,0.04440858215093613
588,588,0.038423776626586914,
588,588,,0.0477004274725914
589,589,0.0430096760392189,
589,589,,0.0442989356815815
590,590,0.04002354294061661,
590,590,,0.038524314761161804
591,591,0.0340738408267498,
591,591,,0.03673558309674263
592,592,0.030243229120969772,
592,592,,0.037021882832050323
593,593,0.030648954212665558,
593,593,,0.03948001191020012
594,594,0.03215906023979187,
594,594,,0.03973102197051048
595,595,0.032968003302812576,
595,595,,0.03817388787865639
596,596,0.031732574105262756,
596,596,,0.03615863248705864
597,597,0.030299728736281395,
597,597,,0.03480181470513344
598,598,0.02865087240934372,
598,598,,0.034491170197725296
599,599,0.027764957398176193,
599,599,,0.03407663851976395
600,600,0.027658559381961823,
600,600,,0.03456755727529526
601,601,0.02801455929875374,
601,601,,0.035380590707063675
602,602,0.028486741706728935,
602,602,,0.035774461925029755
603,603,0.028477167710661888,
603,603,,0.034986771643161774
604,604,0.02784016542136669,
604,604,,0.03344074264168739
605,605,0.027064137160778046,
605,605,,0.03205123543739319
606,606,0.02642725594341755,
606,606,,0.031727567315101624
607,607,0.0262922253459692,
607,607,,0.03135930374264717
608,608,0.026170343160629272,
608,608,,0.031325142830610275
609,609,0.025934671983122826,
609,609,,0.031148402020335197
610,610,0.025822676718235016,
610,610,,0.030564920976758003
611,611,0.025518817827105522,
611,611,,0.030989641323685646
612,612,0.0253493282943964,
612,612,,0.03078709915280342
613,613,0.025256339460611343,
613,613,,0.031046146526932716
614,614,0.02493085153400898,
614,614,,0.030976347625255585
615,615,0.02480611950159073,
615,615,,0.030657915398478508
616,616,0.024922296404838562,
616,616,,0.030628345906734467
617,617,0.02481417916715145,
617,617,,0.030442623421549797
618,618,0.024519365280866623,
618,618,,0.030469872057437897
619,619,0.024001942947506905,
619,619,,0.030765099450945854
620,620,0.023842517286539078,
620,620,,0.030124692246317863
621,621,0.023774875327944756,
621,621,,0.029823683202266693
622,622,0.0236629880964756,
622,622,,0.030407780781388283
623,623,0.023481598123908043,
623,623,,0.02988951839506626
624,624,0.02377358265221119,
624,624,,0.030448105186223984
625,625,0.023961586877703667,
625,625,,0.03025222383439541
626,626,0.0239539984613657,
626,626,,0.030064309015870094
627,627,0.023586198687553406,
627,627,,0.029693124815821648
628,628,0.023020556196570396,
628,628,,0.029974551871418953
629,629,0.02270020917057991,
629,629,,0.029824018478393555
630,630,0.02269662544131279,
630,630,,0.029610585421323776
631,631,0.02273583970963955,
631,631,,0.02925560437142849
632,632,0.02258831448853016,
632,632,,0.0294333528727293
633,633,0.022511180490255356,
633,633,,0.029105646535754204
634,634,0.022400256246328354,
634,634,,0.02890370599925518
635,635,0.022243496030569077,
635,635,,0.029280399903655052
636,636,0.02208292856812477,
636,636,,0.028661131858825684
637,637,0.02197651006281376,
637,637,,0.028960995376110077
638,638,0.022021889686584473,
638,638,,0.028997372835874557
639,639,0.022078705951571465,
639,639,,0.02944960817694664
640,640,0.021961553022265434,
640,640,,0.02916257083415985
641,641,0.021819086745381355,
641,641,,0.029347414150834084
642,642,0.02180671878159046,
642,642,,0.028582178056240082
643,643,0.02168564312160015,
643,643,,0.028301432728767395
644,644,0.02174658142030239,
644,644,,0.028376853093504906
645,645,0.0217265821993351,
645,645,,0.028673071414232254
646,646,0.021695123985409737,
646,646,,0.028698930516839027
647,647,0.021618427708745003,
647,647,,0.028585707768797874
648,648,0.021624699234962463,
648,648,,0.028685223311185837
649,649,0.021469339728355408,
649,649,,0.028385845944285393
650,650,0.021465297788381577,
650,650,,0.02845037542283535
651,651,0.02150617353618145,
651,651,,0.028250189498066902
652,652,0.02140957862138748,
652,652,,0.028256086632609367
653,653,0.021360570564866066,
653,653,,0.027908379212021828
654,654,0.02126447856426239,
654,654,,0.027811657637357712
655,655,0.02120460383594036,
655,655,,0.027546420693397522
656,656,0.0211320910602808,
656,656,,0.027939198538661003
657,657,0.021038619801402092,
657,657,,0.02745150402188301
658,658,0.02109845168888569,
658,658,,0.02720852941274643
659,659,0.021069029346108437,
659,659,,0.02717999927699566
660,660,0.02116888202726841,
660,660,,0.027340780943632126
661,661,0.02101273462176323,
661,661,,0.026990653946995735
662,662,0.02096576802432537,
662,662,,0.02649543806910515
663,663,0.02092200145125389,
663,663,,0.026844236999750137
664,664,0.02079959399998188,
664,664,,0.027050785720348358
665,665,0.020846860483288765,
665,665,,0.027419572696089745
666,666,0.020734941586852074,
666,666,,0.027079695835709572
667,667,0.02077125385403633,
667,667,,0.02750711515545845
668,668,0.020705493167042732,
668,668,,0.027271617203950882
669,669,0.020656604319810867,
669,669,,0.027620937675237656
670,670,0.02068956010043621,
670,670,,0.02749437838792801
671,671,0.020741913467645645,
671,671,,0.02726077288389206
672,672,0.020698612555861473,
672,672,,0.02717093750834465
673,673,0.02063852921128273,
673,673,,0.026753639802336693
674,674,0.02059512585401535,
674,674,,0.0265702772885561
675,675,0.020474348217248917,
675,675,,0.02626209333539009
676,676,0.020306671038269997,
676,676,,0.02640884555876255
677,677,0.02016223594546318,
677,677,,0.026197189465165138
678,678,0.0201004296541214,
678,678,,0.026364877820014954
679,679,0.020048337057232857,
679,679,,0.026304779574275017
680,680,0.020069817081093788,
680,680,,0.026530753821134567
681,681,0.020072948187589645,
681,681,,0.02642165496945381
682,682,0.020035395398736,
682,682,,0.026325441896915436
683,683,0.02002272568643093,
683,683,,0.02623315155506134
684,684,0.019880162551999092,
684,684,,0.02622121013700962
685,685,0.019837189465761185,
685,685,,0.025800179690122604
686,686,0.019881660118699074,
686,686,,0.02676549181342125
687,687,0.02003040537238121,
687,687,,0.027723412960767746
688,688,0.021063880994915962,
688,688,,0.029103213921189308
689,689,0.02203241176903248,
689,689,,0.029077379032969475
690,690,0.02212551422417164,
690,690,,0.028296947479248047
691,691,0.0215764157474041,
691,691,,0.02774692140519619
692,692,0.021163634955883026,
692,692,,0.028331361711025238
693,693,0.022040903568267822,
693,693,,0.028675273060798645
694,694,0.023123374208807945,
694,694,,0.029085420072078705
695,695,0.023791708052158356,
695,695,,0.029761414974927902
696,696,0.023698408156633377,
696,696,,0.0296662338078022
697,697,0.023175252601504326,
697,697,,0.029017621651291847
698,698,0.022585175931453705,
698,698,,0.028693532571196556
699,699,0.02199093997478485,
699,699,,0.028313685208559036
700,700,0.021865922957658768,
700,700,,0.028051327913999557
701,701,0.021838046610355377,
701,701,,0.027391167357563972
702,702,0.021767480298876762,
702,702,,0.027253292500972748
703,703,0.02147258259356022,
703,703,,0.02696172706782818
704,704,0.021165920421481133,
704,704,,0.02643907070159912
705,705,0.020710313692688942,
705,705,,0.026390766724944115
706,706,0.020645152777433395,
706,706,,0.02666046842932701
707,707,0.020558981224894524,
707,707,,0.027007216587662697
708,708,0.020412011072039604,
708,708,,0.026804376393556595
709,709,0.020335666835308075,
709,709,,0.026827210560441017
710,710,0.0202629491686821,
710,710,,0.026753894984722137
711,711,0.020206816494464874,
711,711,,0.026473119854927063
712,712,0.019779542461037636,
712,712,,0.02607918716967106
713,713,0.01969766989350319,
713,713,,0.0264601893723011
714,714,0.019737988710403442,
714,714,,0.026172541081905365
715,715,0.019566120579838753,
715,715,,0.026001419872045517
716,716,0.019472619518637657,
716,716,,0.026336221024394035
717,717,0.01960093528032303,
717,717,,0.026224542409181595
718,718,0.019542936235666275,
718,718,,0.026085257530212402
719,719,0.019529886543750763,
719,719,,0.026099415495991707
720,720,0.01941365748643875,
720,720,,0.02613627351820469
721,721,0.01917877234518528,
721,721,,0.025514135137200356
722,722,0.01907285302877426,
722,722,,0.025915462523698807
723,723,0.01893974281847477,
723,723,,0.025724686682224274
724,724,0.018769986927509308,
724,724,,0.027422836050391197
725,725,0.020282484591007233,
725,725,,0.03115784376859665
726,726,0.024934543296694756,
726,726,,0.033031631261110306
727,727,0.027999375015497208,
727,727,,0.03318328037858009
728,728,0.028082430362701416,
728,728,,0.03048960119485855
729,729,0.025336854159832,
729,729,,0.028453029692173004
730,730,0.023332664743065834,
730,730,,0.027074169367551804
731,731,0.022475551813840866,
731,731,,0.02688155695796013
732,732,0.02263321727514267,
732,732,,0.02756010740995407
733,733,0.022467272356152534,
733,733,,0.027146674692630768
734,734,0.021884121000766754,
734,734,,0.02711011841893196
735,735,0.020909495651721954,
735,735,,0.026174701750278473
736,736,0.02025909535586834,
736,736,,0.025650793686509132
737,737,0.020163971930742264,
737,737,,0.025419041514396667
738,738,0.01994018629193306,
738,738,,0.02539762668311596
739,739,0.01994922384619713,
739,739,,0.025641510263085365
740,740,0.019969893619418144,
740,740,,0.02541971392929554
741,741,0.01997692510485649,
741,741,,0.025772755965590477
742,742,0.02014152891933918,
742,742,,0.02553265169262886
743,743,0.020114973187446594,
743,743,,0.025211503729224205
744,744,0.019923917949199677,
744,744,,0.025112690404057503
745,745,0.01982773281633854,
745,745,,0.025541264563798904
746,746,0.019575072452425957,
746,746,,0.02611606754362583
747,747,0.020392023026943207,
747,747,,0.027492934837937355
748,748,0.021267997100949287,
748,748,,0.02801513671875
749,749,0.022456835955381393,
749,749,,0.028660660609602928
750,750,0.022993674501776695,
750,750,,0.029766054823994637
751,751,0.022930169478058815,
751,751,,0.029884669929742813
752,752,0.022643495351076126,
752,752,,0.029062705114483833
753,753,0.022118378430604935,
753,753,,0.028452623635530472
754,754,0.02223094180226326,
754,754,,0.027979185804724693
755,755,0.021744970232248306,
755,755,,0.027378693222999573
756,756,0.021204102784395218,
756,756,,0.027031980454921722
757,757,0.020949095487594604,
757,757,,0.026638232171535492
758,758,0.020774245262145996,
758,758,,0.026059774681925774
759,759,0.02060319483280182,
759,759,,0.02616001106798649
760,760,0.020742855966091156,
760,760,,0.025724835693836212
761,761,0.02072066068649292,
761,761,,0.025477241724729538
762,762,0.020445432513952255,
762,762,,0.025463873520493507
763,763,0.01998617686331272,
763,763,,0.02524862252175808
764,764,0.019492678344249725,
764,764,,0.025260858237743378
765,765,0.01936577633023262,
765,765,,0.025945104658603668
766,766,0.01999608799815178,
766,766,,0.026109421625733376
767,767,0.020216921344399452,
767,767,,0.026257384568452835
768,768,0.02040368877351284,
768,768,,0.0258164219558239
769,769,0.020152442157268524,
769,769,,0.02573353238403797
770,770,0.019337160512804985,
770,770,,0.0251829344779253
771,771,0.019382378086447716,
771,771,,0.025416312739253044
772,772,0.019757164642214775,
772,772,,0.024835985153913498
773,773,0.019585594534873962,
773,773,,0.024164043366909027
774,774,0.01944381557404995,
774,774,,0.024294665083289146
775,775,0.019009118899703026,
775,775,,0.02430211938917637
776,776,0.018804939463734627,
776,776,,0.027950845658779144
777,777,0.022577621042728424,
777,777,,0.03895076364278793
778,778,0.034982893615961075,
778,778,,0.05093163624405861
779,779,0.04608858376741409,
779,779,,0.05655206739902496
780,780,0.05233003944158554,
780,780,,0.057430993765592575
781,781,0.054007235914468765,
781,781,,0.0569932796061039
782,782,0.054259587079286575,
782,782,,0.056909509003162384
783,783,0.055073369294404984,
783,783,,0.06092647463083267
784,784,0.0569920688867569,
784,784,,0.06420035660266876
785,785,0.06058616191148758,
785,785,,0.06860175728797913
786,786,0.06467808037996292,
786,786,,0.07124356180429459
787,787,0.06656082719564438,
787,787,,0.07038272172212601
788,788,0.06519915908575058,
788,788,,0.06639736890792847
789,789,0.0610797256231308,
789,789,,0.06166832149028778
790,790,0.05714714527130127,
790,790,,0.060201406478881836
791,791,0.055232126265764236,
791,791,,0.058740854263305664
792,792,0.05425582826137543,
792,792,,0.05913461744785309
793,793,0.05363599583506584,
793,793,,0.05836758762598038
794,794,0.05395010486245155,
794,794,,0.057231783866882324
795,795,0.05270174518227577,
795,795,,0.05568089336156845
796,796,0.05099651217460632,
796,796,,0.053350891917943954
797,797,0.049058690667152405,
797,797,,0.05140078440308571
798,798,0.04757435992360115,
798,798,,0.051628533750772476
799,799,0.04954113811254501,
799,799,,0.052638303488492966
800,800,0.05052166059613228,
800,800,,0.05301956832408905
801,801,0.05061499774456024,
801,801,,0.05296986177563667
802,802,0.05182815343141556,
802,802,,0.05303306505084038
803,803,0.05041499808430672,
803,803,,0.050728388130664825
804,804,0.046699050813913345,
804,804,,0.04482399299740791
805,805,0.04170665889978409,
805,805,,0.04220026358962059
806,806,0.039019253104925156,
806,806,,0.03998645395040512
807,807,0.03750457987189293,
807,807,,0.03834652900695801
808,808,0.036364853382110596,
808,808,,0.03820387274026871
809,809,0.03516027331352234,
809,809,,0.03788711130619049
810,810,0.034434299916028976,
810,810,,0.03743694722652435
811,811,0.033774979412555695,
811,811,,0.03659052029252052
812,812,0.033133599907159805,
812,812,,0.03627932816743851
813,813,0.03270607441663742,
813,813,,0.035249169915914536
814,814,0.0319962278008461,
814,814,,0.035579804331064224
815,815,0.031534723937511444,
815,815,,0.03557060286402702
816,816,0.03095478005707264,
816,816,,0.035288240760564804
817,817,0.02992410585284233,
817,817,,0.0347629114985466
818,818,0.02956327795982361,
818,818,,0.03361618146300316
819,819,0.02883497066795826,
819,819,,0.03325403854250908
820,820,0.0280534029006958,
820,820,,0.033023521304130554
821,821,0.02702905423939228,
821,821,,0.03183666989207268
822,822,0.02640449069440365,
822,822,,0.03113812394440174
823,823,0.025988226756453514,
823,823,,0.031453125178813934
824,824,0.025486204773187637,
824,824,,0.03120185062289238
825,825,0.02501278929412365,
825,825,,0.031016793102025986
826,826,0.024593550711870193,
826,826,,0.03067948669195175
827,827,0.02431573159992695,
827,827,,0.03037012368440628
828,828,0.023898709565401077,
828,828,,0.03032858856022358
829,829,0.02353457175195217,
829,829,,0.03621755167841911
830,830,0.029808927327394485,
830,830,,0.04818696156144142
831,831,0.04350552707910538,
831,831,,0.057511623948812485
832,832,0.05257396027445793,
832,832,,0.06144554167985916
833,833,0.05599048733711243,
833,833,,0.06177729740738869
834,834,0.05647449195384979,
834,834,,0.05975723639130592
835,835,0.05548642948269844,
835,835,,0.0580642968416214
836,836,0.05478540435433388,
836,836,,0.05786611884832382
837,837,0.054592594504356384,
837,837,,0.05858420208096504
838,838,0.055209048092365265,
838,838,,0.05937179550528526
839,839,0.05587567761540413,
839,839,,0.059906769543886185
840,840,0.05680020898580551,
840,840,,0.060247041285037994
841,841,0.057227540761232376,
841,841,,0.060222458094358444
842,842,0.05725827440619469,
842,842,,0.05930989235639572
843,843,0.05696166679263115,
843,843,,0.05843037739396095
844,844,0.05616898462176323,
844,844,,0.05797227844595909
845,845,0.05555310845375061,
845,845,,0.057240623980760574
846,846,0.05486069247126579,
846,846,,0.056571733206510544
847,847,0.05438993498682976,
847,847,,0.0565834604203701
848,848,0.0542021282017231,
848,848,,0.05629066377878189
849,849,0.05399100109934807,
849,849,,0.05633408948779106
850,850,0.05357317253947258,
850,850,,0.05593476444482803
851,851,0.05331515520811081,
851,851,,0.05529448017477989
852,852,0.05276472494006157,
852,852,,0.055298786610364914
853,853,0.05201055482029915,
853,853,,0.055031269788742065
854,854,0.051423586905002594,
854,854,,0.054702356457710266
855,855,0.05071445181965828,
855,855,,0.05486089736223221
856,856,0.05017013102769852,
856,856,,0.054451990872621536
857,857,0.049554307013750076,
857,857,,0.053951721638441086
858,858,0.04905758798122406,
858,858,,0.05303175747394562
859,859,0.04859406501054764,
859,859,,0.052528250962495804
860,860,0.04805151745676994,
860,860,,0.05239933356642723
861,861,0.04757733270525932,
861,861,,0.05168106406927109
862,862,0.04735942929983139,
862,862,,0.051247261464595795
863,863,0.04706469550728798,
863,863,,0.07295794785022736
864,864,0.06826550513505936,
864,864,,0.09769871830940247
865,865,0.09341990202665329,
865,865,,0.11008738726377487
866,866,0.10476464778184891,
866,866,,0.11318757385015488
867,867,0.1077413335442543,
867,867,,0.11119089275598526
868,868,0.10699393600225449,
868,868,,0.10880205035209656
869,869,0.10417945683002472,
869,869,,0.10613313317298889
870,870,0.10180536657571793,
870,870,,0.10493423789739609
871,871,0.1003648191690445,
871,871,,0.10531559586524963
872,872,0.10133970528841019,
872,872,,0.10598039627075195
873,873,0.10333789139986038,
873,873,,0.10825447738170624
874,874,0.10525613278150558,
874,874,,0.10745072364807129
875,875,0.10577280819416046,
875,875,,0.10677149146795273
876,876,0.1047498881816864,
876,876,,0.10469590872526169
877,877,0.1028955727815628,
877,877,,0.10328306257724762
878,878,0.1009628027677536,
878,878,,0.10181645303964615
879,879,0.09962302446365356,
879,879,,0.10169796645641327
880,880,0.09946958720684052,
880,880,,0.1023743599653244
881,881,0.09990829974412918,
881,881,,0.10373928397893906
882,882,0.10034961998462677,
882,882,,0.10370244830846786
883,883,0.10052293539047241,
883,883,,0.10399828106164932
884,884,0.09995267540216446,
884,884,,0.10248571634292603
885,885,0.09892519563436508,
885,885,,0.1015649288892746
886,886,0.09748261421918869,
886,886,,0.09991977363824844
887,887,0.09607704728841782,
887,887,,0.09904302656650543
888,888,0.09492252767086029,
888,888,,0.09872495383024216
889,889,0.09414542466402054,
889,889,,0.09818677604198456
890,890,0.0935925766825676,
890,890,,0.09776368737220764
891,891,0.09337974339723587,
891,891,,0.09738398343324661
892,892,0.09308742731809616,
892,892,,0.09712126851081848
893,893,0.09262856096029282,
893,893,,0.0958428755402565
894,894,0.0919952243566513,
894,894,,0.09550148248672485
895,895,0.09136783331632614,
895,895,,0.0948374941945076
896,896,0.09081161022186279,
896,896,,0.09392967820167542
897,897,0.089972123503685,
897,897,,0.09352749586105347
898,898,0.0893760621547699,
898,898,,0.09331908077001572
899,899,0.08886349201202393,
899,899,,0.09267765283584595
900,900,0.08845827728509903,
900,900,,0.0923735499382019
901,901,0.08803778886795044,
901,901,,0.09235386550426483
902,902,0.08776909112930298,
902,902,,0.09208813309669495
903,903,0.08739294856786728,
903,903,,0.09220025688409805
904,904,0.08732925355434418,
904,904,,0.09201132506132126
905,905,0.08702252060174942,
905,905,,0.09149821102619171
906,906,0.08665794879198074,
906,906,,0.09150435775518417
907,907,0.0860791802406311,
907,907,,0.09110238403081894
908,908,0.08546817302703857,
908,908,,0.09108294546604156
909,909,0.08482950925827026,
909,909,,0.09017131477594376
910,910,0.08431869745254517,
910,910,,0.08941689133644104
911,911,0.08383550494909286,
911,911,,0.08898143470287323
912,912,0.08331380784511566,
912,912,,0.08855032920837402
913,913,0.08282327651977539,
913,913,,0.0882871076464653
914,914,0.08220305293798447,
914,914,,0.08775196969509125
915,915,0.08158490806818008,
915,915,,0.08617592602968216
916,916,0.08104091882705688,
916,916,,0.08566973358392715
917,917,0.08039342612028122,
917,917,,0.08562100678682327
918,918,0.07985580712556839,
918,918,,0.08415508270263672
919,919,0.07929690927267075,
919,919,,0.08406165987253189
920,920,0.07887623459100723,
920,920,,0.08360651880502701
921,921,0.07842838019132614,
921,921,,0.08309799432754517
922,922,0.07805213332176208,
922,922,,0.08297169953584671
923,923,0.07766808569431305,
923,923,,0.08238271623849869
924,924,0.07723353058099747,
924,924,,0.0823976919054985
925,925,0.07692703604698181,
925,925,,0.08204395323991776
926,926,0.07664888352155685,
926,926,,0.08184023201465607
927,927,0.07625938951969147,
927,927,,0.08157443255186081
928,928,0.0759955421090126,
928,928,,0.0809146910905838
929,929,0.07573974877595901,
929,929,,0.08099744468927383
930,930,0.07546449452638626,
930,930,,0.08079387992620468
931,931,0.075132355093956,
931,931,,0.08046641945838928
932,932,0.07468641549348831,
932,932,,0.079900823533535
933,933,0.0743689015507698,
933,933,,0.07998500019311905
934,934,0.07408226281404495,
934,934,,0.07923728227615356
935,935,0.07364652305841446,
935,935,,0.07912065088748932
936,936,0.07337120920419693,
936,936,,0.07870567589998245
937,937,0.07313092797994614,
937,937,,0.07843367755413055
938,938,0.07282647490501404,
938,938,,0.07774324715137482
939,939,0.07245998829603195,
939,939,,0.07817257195711136
940,940,0.07233412563800812,
940,940,,0.07762359082698822
941,941,0.07202212512493134,
941,941,,0.07718853652477264
942,942,0.07177694141864777,
942,942,,0.07694044709205627
943,943,0.07154862582683563,
943,943,,0.07653426378965378
944,944,0.0713077262043953,
944,944,,0.07648930698633194
945,945,0.07102169841527939,
945,945,,0.07604005932807922
946,946,0.07076188176870346,
946,946,,0.07563755661249161
947,947,0.07050212472677231,
947,947,,0.07564090937376022
948,948,0.07025130093097687,
948,948,,0.07519996166229248
949,949,0.0700129047036171,
949,949,,0.07462375611066818
950,950,0.06972930580377579,
950,950,,0.07447682321071625
951,951,0.0694524422287941,
951,951,,0.0742943286895752
952,952,0.06920478492975235,
952,952,,0.07389423996210098
953,953,0.06895903497934341,
953,953,,0.0737629309296608
954,954,0.06871891766786575,
954,954,,0.07358092069625854
955,955,0.06847517192363739,
955,955,,0.07329504936933517
956,956,0.06824139505624771,
956,956,,0.0731564611196518
957,957,0.06797551363706589,
957,957,,0.07270535081624985
958,958,0.06776386499404907,
958,958,,0.07232937961816788
959,959,0.06751877814531326,
959,959,,0.07206697762012482
960,960,0.06734560430049896,
960,960,,0.07250920683145523
961,961,0.06703900545835495,
961,961,,0.0724618211388588
962,962,0.06673739105463028,
962,962,,0.07195828855037689
963,963,0.06651405245065689,
963,963,,0.07129652053117752
964,964,0.06633367389440536,
964,964,,0.07102362811565399
965,965,0.06618676334619522,
965,965,,0.07119067013263702
966,966,0.06600483506917953,
966,966,,0.07066527009010315
967,967,0.06588348746299744,
967,967,,0.07049305737018585
968,968,0.0656328797340393,
968,968,,0.07061805576086044
969,969,0.06537245213985443,
969,969,,0.07013633847236633
970,970,0.06563901156187057,
970,970,,0.0705496072769165
971,971,0.06593099236488342,
971,971,,0.07014881074428558
972,972,0.06606629490852356,
972,972,,0.0704667940735817
973,973,0.06614144891500473,
973,973,,0.0704379752278328
974,974,0.06624694168567657,
974,974,,0.0702972412109375
975,975,0.06625191122293472,
975,975,,0.07023035734891891
976,976,0.0663602277636528,
976,976,,0.07034236937761307
977,977,0.06635984033346176,
977,977,,0.0703582763671875
978,978,0.06619881838560104,
978,978,,0.07028850167989731
979,979,0.06605067104101181,
979,979,,0.07023356854915619
980,980,0.06606302410364151,
980,980,,0.06995094567537308
981,981,0.0659390315413475,
981,981,,0.0698619931936264
982,982,0.06599557399749756,
982,982,,0.06991934031248093
983,983,0.06571780890226364,
983,983,,0.06964290142059326
984,984,0.06537383794784546,
984,984,,0.0695548802614212
985,985,0.06509950757026672,
985,985,,0.06945639103651047
986,986,0.0649506002664566,
986,986,,0.06942138075828552
987,987,0.06472378969192505,
987,987,,0.0690288096666336
988,988,0.06448543071746826,
988,988,,0.0689844861626625
989,989,0.06425740569829941,
989,989,,0.06871237605810165
990,990,0.0640937015414238,
990,990,,0.06839752197265625
991,991,0.06399877369403839,
991,991,,0.06812777370214462
992,992,0.0638359785079956,
992,992,,0.06801573187112808
993,993,0.06366310268640518,
993,993,,0.06772124767303467
994,994,0.06343379616737366,
994,994,,0.06740818917751312
995,995,0.06331229954957962,
995,995,,0.06759972125291824
996,996,0.06304500997066498,
996,996,,0.06712177395820618
997,997,0.06285394728183746,
997,997,,0.06678321212530136
998,998,0.06255779415369034,
998,998,,0.06657908856868744
999,999,0.062398649752140045,
999,999,,0.06628596037626266
